<?xml version='1.0'?>
<TriX xmlns='http://www.w3.org/2004/03/trix/trix-1/'>
	<graph>
		<triple>
			<id>genid1</id>
			<uri>http://www.w3.org/1999/02/22-rdf-syntax-ns#type</uri>
			<uri>http://www.w3.org/2002/07/owl#Ontology</uri>
		</triple>
		<!--  -->
		<!--  -->
		<!-- ################################################################# -->
		<!-- # -->
		<!-- #    Object Properties -->
		<!-- # -->
		<!-- ################################################################# -->
		<!--  -->
		<!--  -->
		<!-- http://www.co-ode.org/ontologies/ont.owl#base -->
		<triple>
			<uri>http://www.co-ode.org/ontologies/ont.owl#base</uri>
			<uri>http://www.w3.org/1999/02/22-rdf-syntax-ns#type</uri>
			<uri>http://www.w3.org/2002/07/owl#ObjectProperty</uri>
		</triple>
		<triple>
			<uri>http://www.co-ode.org/ontologies/ont.owl#base</uri>
			<uri>http://www.w3.org/2002/07/owl#inverseOf</uri>
			<uri>http://www.co-ode.org/ontologies/ont.owl#estbasede</uri>
		</triple>
		<triple>
			<uri>http://www.co-ode.org/ontologies/ont.owl#base</uri>
			<uri>http://www.w3.org/2000/01/rdf-schema#domain</uri>
			<uri>http://www.co-ode.org/ontologies/ont.owl#Sauce</uri>
		</triple>
		<!--  -->
		<!-- http://www.co-ode.org/ontologies/ont.owl#estbasede -->
		<triple>
			<uri>http://www.co-ode.org/ontologies/ont.owl#estbasede</uri>
			<uri>http://www.w3.org/1999/02/22-rdf-syntax-ns#type</uri>
			<uri>http://www.w3.org/2002/07/owl#ObjectProperty</uri>
		</triple>
		<triple>
			<uri>http://www.co-ode.org/ontologies/ont.owl#estbasede</uri>
			<uri>http://www.w3.org/2000/01/rdf-schema#subPropertyOf</uri>
			<uri>http://www.w3.org/2002/07/owl#topObjectProperty</uri>
		</triple>
		<!--  -->
		<!--  -->
		<!--  -->
		<!-- ################################################################# -->
		<!-- # -->
		<!-- #    Classes -->
		<!-- # -->
		<!-- ################################################################# -->
		<!--  -->
		<!--  -->
		<!-- http://www.co-ode.org/ontologies/ont.owl#BBQ -->
		<triple>
			<uri>http://www.co-ode.org/ontologies/ont.owl#BBQ</uri>
			<uri>http://www.w3.org/1999/02/22-rdf-syntax-ns#type</uri>
			<uri>http://www.w3.org/2002/07/owl#Class</uri>
		</triple>
		<triple>
			<uri>http://www.co-ode.org/ontologies/ont.owl#BBQ</uri>
			<uri>http://www.w3.org/2000/01/rdf-schema#subClassOf</uri>
			<uri>http://www.co-ode.org/ontologies/ont.owl#Sauce</uri>
		</triple>
		<!--  -->
		<!-- http://www.co-ode.org/ontologies/ont.owl#Boeuf -->
		<triple>
			<uri>http://www.co-ode.org/ontologies/ont.owl#Boeuf</uri>
			<uri>http://www.w3.org/1999/02/22-rdf-syntax-ns#type</uri>
			<uri>http://www.w3.org/2002/07/owl#Class</uri>
		</triple>
		<triple>
			<uri>http://www.co-ode.org/ontologies/ont.owl#Boeuf</uri>
			<uri>http://www.w3.org/2000/01/rdf-schema#subClassOf</uri>
			<uri>http://www.co-ode.org/ontologies/ont.owl#Viande</uri>
		</triple>
		<!--  -->
		<!-- http://www.co-ode.org/ontologies/ont.owl#Creme -->
		<triple>
			<uri>http://www.co-ode.org/ontologies/ont.owl#Creme</uri>
			<uri>http://www.w3.org/1999/02/22-rdf-syntax-ns#type</uri>
			<uri>http://www.w3.org/2002/07/owl#Class</uri>
		</triple>
		<triple>
			<uri>http://www.co-ode.org/ontologies/ont.owl#Creme</uri>
			<uri>http://www.w3.org/2000/01/rdf-schema#subClassOf</uri>
			<uri>http://www.co-ode.org/ontologies/ont.owl#Sauce</uri>
		</triple>
		<!--  -->
		<!-- http://www.co-ode.org/ontologies/ont.owl#Emmental -->
		<triple>
			<uri>http://www.co-ode.org/ontologies/ont.owl#Emmental</uri>
			<uri>http://www.w3.org/1999/02/22-rdf-syntax-ns#type</uri>
			<uri>http://www.w3.org/2002/07/owl#Class</uri>
		</triple>
		<triple>
			<uri>http://www.co-ode.org/ontologies/ont.owl#Emmental</uri>
			<uri>http://www.w3.org/2000/01/rdf-schema#subClassOf</uri>
			<uri>http://www.co-ode.org/ontologies/ont.owl#Fromage</uri>
		</triple>
		<!--  -->
		<!-- http://www.co-ode.org/ontologies/ont.owl#Fromage -->
		<triple>
			<uri>http://www.co-ode.org/ontologies/ont.owl#Fromage</uri>
			<uri>http://www.w3.org/1999/02/22-rdf-syntax-ns#type</uri>
			<uri>http://www.w3.org/2002/07/owl#Class</uri>
		</triple>
		<!--  -->
		<!-- http://www.co-ode.org/ontologies/ont.owl#Legumes -->
		<triple>
			<uri>http://www.co-ode.org/ontologies/ont.owl#Legumes</uri>
			<uri>http://www.w3.org/1999/02/22-rdf-syntax-ns#type</uri>
			<uri>http://www.w3.org/2002/07/owl#Class</uri>
		</triple>
		<!--  -->
		<!-- http://www.co-ode.org/ontologies/ont.owl#Merguez -->
		<triple>
			<uri>http://www.co-ode.org/ontologies/ont.owl#Merguez</uri>
			<uri>http://www.w3.org/1999/02/22-rdf-syntax-ns#type</uri>
			<uri>http://www.w3.org/2002/07/owl#Class</uri>
		</triple>
		<triple>
			<uri>http://www.co-ode.org/ontologies/ont.owl#Merguez</uri>
			<uri>http://www.w3.org/2000/01/rdf-schema#subClassOf</uri>
			<uri>http://www.co-ode.org/ontologies/ont.owl#Viande</uri>
		</triple>
		<!--  -->
		<!-- http://www.co-ode.org/ontologies/ont.owl#Mozarella -->
		<triple>
			<uri>http://www.co-ode.org/ontologies/ont.owl#Mozarella</uri>
			<uri>http://www.w3.org/1999/02/22-rdf-syntax-ns#type</uri>
			<uri>http://www.w3.org/2002/07/owl#Class</uri>
		</triple>
		<triple>
			<uri>http://www.co-ode.org/ontologies/ont.owl#Mozarella</uri>
			<uri>http://www.w3.org/2000/01/rdf-schema#subClassOf</uri>
			<uri>http://www.co-ode.org/ontologies/ont.owl#Fromage</uri>
		</triple>
		<!--  -->
		<!-- http://www.co-ode.org/ontologies/ont.owl#Poulet -->
		<triple>
			<uri>http://www.co-ode.org/ontologies/ont.owl#Poulet</uri>
			<uri>http://www.w3.org/1999/02/22-rdf-syntax-ns#type</uri>
			<uri>http://www.w3.org/2002/07/owl#Class</uri>
		</triple>
		<triple>
			<uri>http://www.co-ode.org/ontologies/ont.owl#Poulet</uri>
			<uri>http://www.w3.org/2000/01/rdf-schema#subClassOf</uri>
			<uri>http://www.co-ode.org/ontologies/ont.owl#Viande</uri>
		</triple>
		<!--  -->
		<!-- http://www.co-ode.org/ontologies/ont.owl#Raclette -->
		<triple>
			<uri>http://www.co-ode.org/ontologies/ont.owl#Raclette</uri>
			<uri>http://www.w3.org/1999/02/22-rdf-syntax-ns#type</uri>
			<uri>http://www.w3.org/2002/07/owl#Class</uri>
		</triple>
		<triple>
			<uri>http://www.co-ode.org/ontologies/ont.owl#Raclette</uri>
			<uri>http://www.w3.org/2000/01/rdf-schema#subClassOf</uri>
			<uri>http://www.co-ode.org/ontologies/ont.owl#Fromage</uri>
		</triple>
		<!--  -->
		<!-- http://www.co-ode.org/ontologies/ont.owl#Sauce -->
		<triple>
			<uri>http://www.co-ode.org/ontologies/ont.owl#Sauce</uri>
			<uri>http://www.w3.org/1999/02/22-rdf-syntax-ns#type</uri>
			<uri>http://www.w3.org/2002/07/owl#Class</uri>
		</triple>
		<!--  -->
		<!-- http://www.co-ode.org/ontologies/ont.owl#Tomate -->
		<triple>
			<uri>http://www.co-ode.org/ontologies/ont.owl#Tomate</uri>
			<uri>http://www.w3.org/1999/02/22-rdf-syntax-ns#type</uri>
			<uri>http://www.w3.org/2002/07/owl#Class</uri>
		</triple>
		<triple>
			<uri>http://www.co-ode.org/ontologies/ont.owl#Tomate</uri>
			<uri>http://www.w3.org/2000/01/rdf-schema#subClassOf</uri>
			<uri>http://www.co-ode.org/ontologies/ont.owl#Sauce</uri>
		</triple>
		<!--  -->
		<!-- http://www.co-ode.org/ontologies/ont.owl#Viande -->
		<triple>
			<uri>http://www.co-ode.org/ontologies/ont.owl#Viande</uri>
			<uri>http://www.w3.org/1999/02/22-rdf-syntax-ns#type</uri>
			<uri>http://www.w3.org/2002/07/owl#Class</uri>
		</triple>
		<!--  -->
		<!-- Generated by the OWL API (version 4.5.9.2019-02-01T07:24:44Z) https://github.com/owlcs/owlapi -->
	</graph>
</TriX>
