trouble de l'humeur,dépression,SD
trouble de l'humeur,dépression,HT
trouble de l'humeur,dépression,PE
trouble de l'humeur,dépression,Su
trouble de l'humeur,mélancolie,Su
schizophrénie,trouble délirante,Su
trouble de l'humeur,dépression,AA
trouble de l'humeur,mélancolie,AA
trouble de l'humeur,dépression,HA
trouble anxieux,dépression,HA
trouble anxieux,anxiété,HA
trouble de l'humeur,dépression,EE
trouble de l'humeur,mélancolie,EE
trouble de l'humeur,maniaque,EE
trouble de l'humeur,bipolaire,EE
trouble anxieux,anxiété,EE
trouble anxieux,panique,EE
schizophrénie,schizophrénie,RE
schizophrénie,trouble délirante,RE
schizophrénie,schizophrénie,hallucination
trouble de l'humeur,dépression,S.E-any
trouble de l'humeur,mélancolie,S.E-any
trouble de l'humeur,panique,S.E-any
trouble de l'humeur,schizophrénie,S.E-any
trouble anxieux,anxiété,S.E-any
trouble anxieux,panique,S.E-any
schizophrénie,panique,S.E-any
schizophrénie,schizophrénie,S.E-any
schizophrénie,trouble délirante,S.E-any
trouble sematoforme,conversion,S.E-any
trouble anxieux,panique,Impuls
schizophrénie,trouble délirante,Impuls
trouble sematoforme,conversion,IE
trouble sematoforme,conversion,theatralisme
trouble anxieux,anxiété,indéscision
schizophrénie,schizophrénie,indéscision
trouble anxieux,anxiété,SM
trouble anxieux,panique,SM
trouble anxieux,panique,perdue
trouble anxieux,obsession,HCF
schizophrénie,obsession,HCF
trouble obsessionnel,obsession,HCF
trouble de l'humeur,panique,S.E-any+perdue+Impuls
trouble anxieux,panique,S.E-any+perdue+Impuls
schizophrénie,panique,S.E-any+perdue+Impuls
