"trouble de l’humeur",dépression,"Sentiment douloureux"
"trouble de l’humeur",dépression,"Humeur typiquement triste"
"trouble de l’humeur",dépression,pessimiste
"trouble de l’humeur",dépression,"Etat émotionnelle"
"trouble de l’humeur",dépression,suicidaire
"trouble de l’humeur",dépression,humeur+anxiété
"trouble de l’humeur",dépression,"Anesthésie affective"
"trouble de l’humeur",mélancolie,"Anesthésie affective"
"trouble de l’humeur",mélancolie,Anorexie
"trouble de l’humeur",mélancolie,"Douleur morale"
"trouble de l’humeur",mélancolie,autoaccusations
"trouble de l’humeur",mélancolie,"Etat émotionnelle"
"trouble de l’humeur",mélancolie,suicidaire
"trouble de l’humeur",maniaque,euphorie
"trouble de l’humeur",maniaque,débraillée
"trouble de l’humeur",maniaque,"contact facile"
"trouble de l’humeur",maniaque,Hypermimie
"trouble anxieux",anxiété,"Peurs anticipatoires"
"trouble anxieux",anxiété,"Sensation de mort"
"trouble anxieux",anxiété,Concentration
"trouble anxieux",anxiété,Doute
"trouble anxieux",anxiété,"Etat émotionnelle"
"trouble anxieux",anxiété,Indécision
"trouble anxieux",panique,"Sensation de mort"
"trouble anxieux",panique,perdu
"trouble anxieux",panique,impulsifs
schizophrénie,schizophrénie,impulsifs
schizophrénie,schizophrénie,délirante
schizophrénie,schizophrénie,hallucinations
schizophrénie,schizophrénie,indécision
schizophrénie,"Trouble délirant",suicidaire
schizophrénie,"Trouble délirant","Conviction d’être aimé"
schizophrénie,"Trouble délirant","Amour romantique"
schizophrénie,"Trouble délirant","a pas conscience de son délire"
schizophrénie,"Trouble délirant","Reaction emotionel"
"trouble somatoforme",conversion,mythomanie
"trouble somatoforme",conversion,"Insatisfaction emotionnelle"
"trouble somatoforme",conversion,théatralisme
"Trouble obsessionnels",obsession,violance
"Trouble obsessionnels",obsession,doute
"Trouble obsessionnels",obsession,"haute fréquence de comorbidité"
