<RCAExplore_Document>
	<Step nb="0">
		<Lattice numberObj="100" numberAtt="11" numberCpt="23" >
			<Config algo="ares">
			</Config>
			<Name>Prix-Pate</Name>
			<Object>Marherita_Fine</Object>
			<Object>Margherita-epaisse</Object>
			<Object>Margherita-cheezy</Object>
			<Object>Margherita-cheezy-fun</Object>
			<Object>Queen-fine</Object>
			<Object>Queen-epaisse</Object>
			<Object>Queen-cheezy</Object>
			<Object>Queen-cheezy-fun</Object>
			<Object>Spicy-hot-one-fine</Object>
			<Object>Spicy-hot-one-epaisse</Object>
			<Object>Spicy-hot-one-cheezy</Object>
			<Object>Spicy-hot-one-cheezy-fun</Object>
			<Object>4fromages-fine</Object>
			<Object>4fromages-epaisse</Object>
			<Object>4fromage-cheezy</Object>
			<Object>4fromage-cheezy-fun</Object>
			<Object>Kasbah-fine</Object>
			<Object>Kasbah-epaisse</Object>
			<Object>Kasbah-cheezy</Object>
			<Object>Kasbah-cheezy-fun</Object>
			<Object>Nordique-fine</Object>
			<Object>Nordique-epaisse</Object>
			<Object>Nordique-cheezy</Object>
			<Object>Nordique-cheezy-fun</Object>
			<Object>Mafia-blues-fine</Object>
			<Object>Mafia-blues-epaisse</Object>
			<Object>Mafia-blues-cheezy</Object>
			<Object>Mafia-blues-cheezy-fun</Object>
			<Object>Roamaine-fine</Object>
			<Object>Romaine-epaisse</Object>
			<Object>Romaine-cheezy</Object>
			<Object>Romaine-cheezy-fun</Object>
			<Object>Hawaienne-fine</Object>
			<Object>Hawaienne-epaisse</Object>
			<Object>Hawaienne-cheezy</Object>
			<Object>Hawaienne-cheezy-fun</Object>
			<Object>Vegetarienne-fine</Object>
			<Object>Vegetarienne-epaisse</Object>
			<Object>Vegetarienne-cheezy</Object>
			<Object>Vegetarienne-cheezy-fun</Object>
			<Object>Provencale-fine</Object>
			<Object>Provencale-epaisse</Object>
			<Object>Provencale-cheezy</Object>
			<Object>Provencale-cheezy-fun</Object>
			<Object>Louisiane-fine</Object>
			<Object>Louisiane-epaisse</Object>
			<Object>Louisiane-cheezy</Object>
			<Object>Louisiane-cheezy-fun</Object>
			<Object>Raclette-fine</Object>
			<Object>Raclette-epaisse</Object>
			<Object>Raclette-cheezy</Object>
			<Object>Raclette-cheezy-fun</Object>
			<Object>TexaneBBQ-fine</Object>
			<Object>TexaneBBQ-epaisse</Object>
			<Object>TexaneBBQ-cheezy</Object>
			<Object>TexaneBBQ-cheezy-fun</Object>
			<Object>Cabri-fine</Object>
			<Object>Cabri-epaisse</Object>
			<Object>Cabri-cheezy</Object>
			<Object>Cabri-cheezy-fun</Object>
			<Object>Orientale-fine</Object>
			<Object>Orientale-epaisse</Object>
			<Object>Orientale-cheezy</Object>
			<Object>Orientale-cheezy-fun</Object>
			<Object>Pepperoni-lovers-fine</Object>
			<Object>Pepperoni-lovers-epaisse</Object>
			<Object>Pepperoni-lovers-cheezy</Object>
			<Object>Pepperoni-lovers-cheezy-fun</Object>
			<Object>Supreme-fine</Object>
			<Object>Supreme-epaisse</Object>
			<Object>Supreme-cheezy</Object>
			<Object>Supreme-cheezy-fun</Object>
			<Object>Montagnarde-fine</Object>
			<Object>Montagnarde-epaisse</Object>
			<Object>Montagnarde-cheezy</Object>
			<Object>Montagnarde-cheezy-fun</Object>
			<Object>Chevre-miel-fine</Object>
			<Object>Chevre-miel-epaisse</Object>
			<Object>Chevre-miel-cheezy</Object>
			<Object>Chevre-miel-cheezy-fun</Object>
			<Object>Forestiere-fine</Object>
			<Object>Forestiere-epaisse</Object>
			<Object>Forestiere-cheezy</Object>
			<Object>Forestiere-cheezy-fun</Object>
			<Object>Samourai-fine</Object>
			<Object>Samourai-epaisse</Object>
			<Object>Samourai-cheezy</Object>
			<Object>Samourai-cheezy-fun</Object>
			<Object>Western-classic-fine</Object>
			<Object>Western-classic-epaisse</Object>
			<Object>Western-classic-cheezy</Object>
			<Object>Western-classic-cheezy-fun</Object>
			<Object>Campagnarde-fine</Object>
			<Object>Campagnarde-epaisse</Object>
			<Object>Campagnarde-cheezy</Object>
			<Object>Campagnarde-cheezy-fun</Object>
			<Object>BPM-fine</Object>
			<Object>BPM-epaisse</Object>
			<Object>BPM-cheezy</Object>
			<Object>BPM-cheezy-fun</Object>
			<Attribute>Fine</Attribute>
			<Attribute>epaisse</Attribute>
			<Attribute>fromage</Attribute>
			<Attribute>bouchees fromage</Attribute>
			<Attribute>inf10</Attribute>
			<Attribute>inf12</Attribute>
			<Attribute>inf14</Attribute>
			<Attribute>inf16</Attribute>
			<Attribute>inf18</Attribute>
			<Attribute>inf20</Attribute>
			<Attribute>inf22</Attribute>
			<Concept>
				<ID>Concept_Prix-Pate_1</ID>
				<Extent>
					<Object_Ref>Margherita-cheezy</Object_Ref>
				</Extent>
				<Intent>
					<Attribute_Ref>inf18</Attribute_Ref>
					<Attribute_Ref>inf20</Attribute_Ref>
					<Attribute_Ref>fromage</Attribute_Ref>
					<Attribute_Ref>inf22</Attribute_Ref>
					<Attribute_Ref>epaisse</Attribute_Ref>
				</Intent>
				<UpperCovers>
					<Concept_Ref>Concept_Prix-Pate_13</Concept_Ref>
					<Concept_Ref>Concept_Prix-Pate_12</Concept_Ref>
				</UpperCovers>
			</Concept>
			<Concept>
				<ID>Concept_Prix-Pate_0</ID>
				<Extent>
					<Object_Ref>Margherita-cheezy-fun</Object_Ref>
				</Extent>
				<Intent>
					<Attribute_Ref>bouchees fromage</Attribute_Ref>
					<Attribute_Ref>inf20</Attribute_Ref>
					<Attribute_Ref>fromage</Attribute_Ref>
					<Attribute_Ref>inf22</Attribute_Ref>
					<Attribute_Ref>Fine</Attribute_Ref>
				</Intent>
				<UpperCovers>
					<Concept_Ref>Concept_Prix-Pate_21</Concept_Ref>
					<Concept_Ref>Concept_Prix-Pate_3</Concept_Ref>
				</UpperCovers>
			</Concept>
			<Concept>
				<ID>Concept_Prix-Pate_2</ID>
				<Extent>
					<Object_Ref>Marherita_Fine</Object_Ref>
				</Extent>
				<Intent>
					<Attribute_Ref>inf18</Attribute_Ref>
					<Attribute_Ref>inf20</Attribute_Ref>
					<Attribute_Ref>inf12</Attribute_Ref>
					<Attribute_Ref>inf22</Attribute_Ref>
					<Attribute_Ref>inf10</Attribute_Ref>
					<Attribute_Ref>Fine</Attribute_Ref>
					<Attribute_Ref>inf16</Attribute_Ref>
					<Attribute_Ref>inf14</Attribute_Ref>
				</Intent>
				<UpperCovers>
					<Concept_Ref>Concept_Prix-Pate_6</Concept_Ref>
				</UpperCovers>
			</Concept>
			<Concept>
				<ID>Concept_Prix-Pate_3</ID>
				<Extent>
					<Object_Ref>Margherita-cheezy-fun</Object_Ref>
					<Object_Ref>Queen-cheezy-fun</Object_Ref>
					<Object_Ref>4fromage-cheezy-fun</Object_Ref>
				</Extent>
				<Intent>
					<Attribute_Ref>bouchees fromage</Attribute_Ref>
					<Attribute_Ref>fromage</Attribute_Ref>
					<Attribute_Ref>inf22</Attribute_Ref>
					<Attribute_Ref>Fine</Attribute_Ref>
				</Intent>
				<UpperCovers>
					<Concept_Ref>Concept_Prix-Pate_11</Concept_Ref>
					<Concept_Ref>Concept_Prix-Pate_4</Concept_Ref>
				</UpperCovers>
			</Concept>
			<Concept>
				<ID>Concept_Prix-Pate_5</ID>
				<Extent>
					<Object_Ref>Margherita-epaisse</Object_Ref>
					<Object_Ref>Romaine-epaisse</Object_Ref>
					<Object_Ref>Cabri-epaisse</Object_Ref>
					<Object_Ref>Forestiere-epaisse</Object_Ref>
				</Extent>
				<Intent>
					<Attribute_Ref>inf18</Attribute_Ref>
					<Attribute_Ref>inf20</Attribute_Ref>
					<Attribute_Ref>inf12</Attribute_Ref>
					<Attribute_Ref>inf22</Attribute_Ref>
					<Attribute_Ref>inf16</Attribute_Ref>
					<Attribute_Ref>epaisse</Attribute_Ref>
					<Attribute_Ref>inf14</Attribute_Ref>
				</Intent>
				<UpperCovers>
					<Concept_Ref>Concept_Prix-Pate_7</Concept_Ref>
					<Concept_Ref>Concept_Prix-Pate_8</Concept_Ref>
				</UpperCovers>
			</Concept>
			<Concept>
				<ID>Concept_Prix-Pate_4</ID>
				<Extent>
					<Object_Ref>Margherita-cheezy-fun</Object_Ref>
					<Object_Ref>Queen-cheezy-fun</Object_Ref>
					<Object_Ref>Spicy-hot-one-cheezy-fun</Object_Ref>
					<Object_Ref>4fromage-cheezy-fun</Object_Ref>
				</Extent>
				<Intent>
					<Attribute_Ref>fromage</Attribute_Ref>
					<Attribute_Ref>Fine</Attribute_Ref>
				</Intent>
				<UpperCovers>
					<Concept_Ref>Concept_Prix-Pate_20</Concept_Ref>
					<Concept_Ref>Concept_Prix-Pate_16</Concept_Ref>
				</UpperCovers>
			</Concept>
			<Concept>
				<ID>Concept_Prix-Pate_6</ID>
				<Extent>
					<Object_Ref>Marherita_Fine</Object_Ref>
					<Object_Ref>Roamaine-fine</Object_Ref>
					<Object_Ref>Cabri-fine</Object_Ref>
					<Object_Ref>Forestiere-fine</Object_Ref>
				</Extent>
				<Intent>
					<Attribute_Ref>inf18</Attribute_Ref>
					<Attribute_Ref>inf20</Attribute_Ref>
					<Attribute_Ref>inf12</Attribute_Ref>
					<Attribute_Ref>inf22</Attribute_Ref>
					<Attribute_Ref>Fine</Attribute_Ref>
					<Attribute_Ref>inf16</Attribute_Ref>
					<Attribute_Ref>inf14</Attribute_Ref>
				</Intent>
				<UpperCovers>
					<Concept_Ref>Concept_Prix-Pate_7</Concept_Ref>
					<Concept_Ref>Concept_Prix-Pate_9</Concept_Ref>
				</UpperCovers>
			</Concept>
			<Concept>
				<ID>Concept_Prix-Pate_7</ID>
				<Extent>
					<Object_Ref>Marherita_Fine</Object_Ref>
					<Object_Ref>Margherita-epaisse</Object_Ref>
					<Object_Ref>Roamaine-fine</Object_Ref>
					<Object_Ref>Romaine-epaisse</Object_Ref>
					<Object_Ref>Cabri-fine</Object_Ref>
					<Object_Ref>Cabri-epaisse</Object_Ref>
					<Object_Ref>Forestiere-fine</Object_Ref>
					<Object_Ref>Forestiere-epaisse</Object_Ref>
				</Extent>
				<Intent>
					<Attribute_Ref>inf18</Attribute_Ref>
					<Attribute_Ref>inf20</Attribute_Ref>
					<Attribute_Ref>inf12</Attribute_Ref>
					<Attribute_Ref>inf22</Attribute_Ref>
					<Attribute_Ref>inf16</Attribute_Ref>
					<Attribute_Ref>inf14</Attribute_Ref>
				</Intent>
				<UpperCovers>
					<Concept_Ref>Concept_Prix-Pate_10</Concept_Ref>
				</UpperCovers>
			</Concept>
			<Concept>
				<ID>Concept_Prix-Pate_9</ID>
				<Extent>
					<Object_Ref>Marherita_Fine</Object_Ref>
					<Object_Ref>Queen-fine</Object_Ref>
					<Object_Ref>Spicy-hot-one-fine</Object_Ref>
					<Object_Ref>Roamaine-fine</Object_Ref>
					<Object_Ref>Hawaienne-fine</Object_Ref>
					<Object_Ref>Vegetarienne-fine</Object_Ref>
					<Object_Ref>Cabri-fine</Object_Ref>
					<Object_Ref>Orientale-fine</Object_Ref>
					<Object_Ref>Pepperoni-lovers-fine</Object_Ref>
					<Object_Ref>Forestiere-fine</Object_Ref>
					<Object_Ref>Samourai-fine</Object_Ref>
				</Extent>
				<Intent>
					<Attribute_Ref>inf18</Attribute_Ref>
					<Attribute_Ref>inf20</Attribute_Ref>
					<Attribute_Ref>inf22</Attribute_Ref>
					<Attribute_Ref>Fine</Attribute_Ref>
					<Attribute_Ref>inf16</Attribute_Ref>
					<Attribute_Ref>inf14</Attribute_Ref>
				</Intent>
				<UpperCovers>
					<Concept_Ref>Concept_Prix-Pate_10</Concept_Ref>
					<Concept_Ref>Concept_Prix-Pate_14</Concept_Ref>
				</UpperCovers>
			</Concept>
			<Concept>
				<ID>Concept_Prix-Pate_8</ID>
				<Extent>
					<Object_Ref>Margherita-epaisse</Object_Ref>
					<Object_Ref>Queen-epaisse</Object_Ref>
					<Object_Ref>Spicy-hot-one-epaisse</Object_Ref>
					<Object_Ref>Romaine-epaisse</Object_Ref>
					<Object_Ref>Hawaienne-epaisse</Object_Ref>
					<Object_Ref>Vegetarienne-epaisse</Object_Ref>
					<Object_Ref>Cabri-epaisse</Object_Ref>
					<Object_Ref>Orientale-epaisse</Object_Ref>
					<Object_Ref>Pepperoni-lovers-epaisse</Object_Ref>
					<Object_Ref>Forestiere-epaisse</Object_Ref>
					<Object_Ref>Samourai-epaisse</Object_Ref>
				</Extent>
				<Intent>
					<Attribute_Ref>inf18</Attribute_Ref>
					<Attribute_Ref>inf20</Attribute_Ref>
					<Attribute_Ref>inf22</Attribute_Ref>
					<Attribute_Ref>inf16</Attribute_Ref>
					<Attribute_Ref>epaisse</Attribute_Ref>
				</Intent>
				<UpperCovers>
					<Concept_Ref>Concept_Prix-Pate_17</Concept_Ref>
					<Concept_Ref>Concept_Prix-Pate_12</Concept_Ref>
				</UpperCovers>
			</Concept>
			<Concept>
				<ID>Concept_Prix-Pate_10</ID>
				<Extent>
					<Object_Ref>Marherita_Fine</Object_Ref>
					<Object_Ref>Margherita-epaisse</Object_Ref>
					<Object_Ref>Queen-fine</Object_Ref>
					<Object_Ref>Spicy-hot-one-fine</Object_Ref>
					<Object_Ref>Roamaine-fine</Object_Ref>
					<Object_Ref>Romaine-epaisse</Object_Ref>
					<Object_Ref>Hawaienne-fine</Object_Ref>
					<Object_Ref>Vegetarienne-fine</Object_Ref>
					<Object_Ref>Cabri-fine</Object_Ref>
					<Object_Ref>Cabri-epaisse</Object_Ref>
					<Object_Ref>Orientale-fine</Object_Ref>
					<Object_Ref>Pepperoni-lovers-fine</Object_Ref>
					<Object_Ref>Forestiere-fine</Object_Ref>
					<Object_Ref>Forestiere-epaisse</Object_Ref>
					<Object_Ref>Samourai-fine</Object_Ref>
				</Extent>
				<Intent>
					<Attribute_Ref>inf18</Attribute_Ref>
					<Attribute_Ref>inf20</Attribute_Ref>
					<Attribute_Ref>inf22</Attribute_Ref>
					<Attribute_Ref>inf16</Attribute_Ref>
					<Attribute_Ref>inf14</Attribute_Ref>
				</Intent>
				<UpperCovers>
					<Concept_Ref>Concept_Prix-Pate_17</Concept_Ref>
				</UpperCovers>
			</Concept>
			<Concept>
				<ID>Concept_Prix-Pate_12</ID>
				<Extent>
					<Object_Ref>Margherita-epaisse</Object_Ref>
					<Object_Ref>Margherita-cheezy</Object_Ref>
					<Object_Ref>Queen-epaisse</Object_Ref>
					<Object_Ref>Spicy-hot-one-epaisse</Object_Ref>
					<Object_Ref>4fromages-epaisse</Object_Ref>
					<Object_Ref>Kasbah-epaisse</Object_Ref>
					<Object_Ref>Romaine-epaisse</Object_Ref>
					<Object_Ref>Hawaienne-epaisse</Object_Ref>
					<Object_Ref>Vegetarienne-epaisse</Object_Ref>
					<Object_Ref>Provencale-epaisse</Object_Ref>
					<Object_Ref>Louisiane-epaisse</Object_Ref>
					<Object_Ref>Raclette-epaisse</Object_Ref>
					<Object_Ref>TexaneBBQ-epaisse</Object_Ref>
					<Object_Ref>Cabri-epaisse</Object_Ref>
					<Object_Ref>Orientale-epaisse</Object_Ref>
					<Object_Ref>Pepperoni-lovers-epaisse</Object_Ref>
					<Object_Ref>Supreme-epaisse</Object_Ref>
					<Object_Ref>Montagnarde-epaisse</Object_Ref>
					<Object_Ref>Chevre-miel-epaisse</Object_Ref>
					<Object_Ref>Forestiere-epaisse</Object_Ref>
					<Object_Ref>Samourai-epaisse</Object_Ref>
					<Object_Ref>Western-classic-epaisse</Object_Ref>
					<Object_Ref>Campagnarde-epaisse</Object_Ref>
					<Object_Ref>BPM-epaisse</Object_Ref>
				</Extent>
				<Intent>
					<Attribute_Ref>inf18</Attribute_Ref>
					<Attribute_Ref>inf20</Attribute_Ref>
					<Attribute_Ref>inf22</Attribute_Ref>
					<Attribute_Ref>epaisse</Attribute_Ref>
				</Intent>
				<UpperCovers>
					<Concept_Ref>Concept_Prix-Pate_18</Concept_Ref>
					<Concept_Ref>Concept_Prix-Pate_15</Concept_Ref>
				</UpperCovers>
			</Concept>
			<Concept>
				<ID>Concept_Prix-Pate_11</ID>
				<Extent>
					<Object_Ref>Margherita-cheezy-fun</Object_Ref>
					<Object_Ref>Queen-cheezy-fun</Object_Ref>
					<Object_Ref>4fromage-cheezy-fun</Object_Ref>
					<Object_Ref>Kasbah-cheezy-fun</Object_Ref>
					<Object_Ref>Nordique-cheezy-fun</Object_Ref>
					<Object_Ref>Mafia-blues-cheezy-fun</Object_Ref>
					<Object_Ref>Romaine-cheezy-fun</Object_Ref>
					<Object_Ref>Hawaienne-cheezy-fun</Object_Ref>
					<Object_Ref>Vegetarienne-cheezy-fun</Object_Ref>
					<Object_Ref>Provencale-cheezy-fun</Object_Ref>
					<Object_Ref>Louisiane-cheezy-fun</Object_Ref>
					<Object_Ref>Raclette-cheezy-fun</Object_Ref>
					<Object_Ref>TexaneBBQ-cheezy-fun</Object_Ref>
					<Object_Ref>Cabri-cheezy-fun</Object_Ref>
					<Object_Ref>Orientale-cheezy-fun</Object_Ref>
					<Object_Ref>Pepperoni-lovers-cheezy-fun</Object_Ref>
					<Object_Ref>Supreme-cheezy-fun</Object_Ref>
					<Object_Ref>Montagnarde-cheezy-fun</Object_Ref>
					<Object_Ref>Chevre-miel-cheezy-fun</Object_Ref>
					<Object_Ref>Forestiere-cheezy-fun</Object_Ref>
					<Object_Ref>Samourai-cheezy-fun</Object_Ref>
					<Object_Ref>Western-classic-cheezy-fun</Object_Ref>
					<Object_Ref>Campagnarde-cheezy-fun</Object_Ref>
					<Object_Ref>BPM-cheezy-fun</Object_Ref>
				</Extent>
				<Intent>
					<Attribute_Ref>bouchees fromage</Attribute_Ref>
					<Attribute_Ref>inf22</Attribute_Ref>
					<Attribute_Ref>Fine</Attribute_Ref>
				</Intent>
				<UpperCovers>
					<Concept_Ref>Concept_Prix-Pate_20</Concept_Ref>
					<Concept_Ref>Concept_Prix-Pate_22</Concept_Ref>
				</UpperCovers>
			</Concept>
			<Concept>
				<ID>Concept_Prix-Pate_14</ID>
				<Extent>
					<Object_Ref>Marherita_Fine</Object_Ref>
					<Object_Ref>Queen-fine</Object_Ref>
					<Object_Ref>Spicy-hot-one-fine</Object_Ref>
					<Object_Ref>4fromages-fine</Object_Ref>
					<Object_Ref>Kasbah-fine</Object_Ref>
					<Object_Ref>Nordique-fine</Object_Ref>
					<Object_Ref>Mafia-blues-fine</Object_Ref>
					<Object_Ref>Roamaine-fine</Object_Ref>
					<Object_Ref>Hawaienne-fine</Object_Ref>
					<Object_Ref>Vegetarienne-fine</Object_Ref>
					<Object_Ref>Provencale-fine</Object_Ref>
					<Object_Ref>Louisiane-fine</Object_Ref>
					<Object_Ref>Raclette-fine</Object_Ref>
					<Object_Ref>TexaneBBQ-fine</Object_Ref>
					<Object_Ref>Cabri-fine</Object_Ref>
					<Object_Ref>Orientale-fine</Object_Ref>
					<Object_Ref>Pepperoni-lovers-fine</Object_Ref>
					<Object_Ref>Supreme-fine</Object_Ref>
					<Object_Ref>Montagnarde-fine</Object_Ref>
					<Object_Ref>Chevre-miel-fine</Object_Ref>
					<Object_Ref>Forestiere-fine</Object_Ref>
					<Object_Ref>Samourai-fine</Object_Ref>
					<Object_Ref>Western-classic-fine</Object_Ref>
					<Object_Ref>Campagnarde-fine</Object_Ref>
					<Object_Ref>BPM-fine</Object_Ref>
				</Extent>
				<Intent>
					<Attribute_Ref>inf18</Attribute_Ref>
					<Attribute_Ref>inf20</Attribute_Ref>
					<Attribute_Ref>inf22</Attribute_Ref>
					<Attribute_Ref>Fine</Attribute_Ref>
					<Attribute_Ref>inf16</Attribute_Ref>
				</Intent>
				<UpperCovers>
					<Concept_Ref>Concept_Prix-Pate_20</Concept_Ref>
					<Concept_Ref>Concept_Prix-Pate_17</Concept_Ref>
				</UpperCovers>
			</Concept>
			<Concept>
				<ID>Concept_Prix-Pate_13</ID>
				<Extent>
					<Object_Ref>Margherita-cheezy</Object_Ref>
					<Object_Ref>Queen-cheezy</Object_Ref>
					<Object_Ref>Spicy-hot-one-cheezy</Object_Ref>
					<Object_Ref>4fromage-cheezy</Object_Ref>
					<Object_Ref>Kasbah-cheezy</Object_Ref>
					<Object_Ref>Nordique-cheezy</Object_Ref>
					<Object_Ref>Mafia-blues-cheezy</Object_Ref>
					<Object_Ref>Romaine-cheezy</Object_Ref>
					<Object_Ref>Hawaienne-cheezy</Object_Ref>
					<Object_Ref>Vegetarienne-cheezy</Object_Ref>
					<Object_Ref>Provencale-cheezy</Object_Ref>
					<Object_Ref>Louisiane-cheezy</Object_Ref>
					<Object_Ref>Raclette-cheezy</Object_Ref>
					<Object_Ref>TexaneBBQ-cheezy</Object_Ref>
					<Object_Ref>Cabri-cheezy</Object_Ref>
					<Object_Ref>Orientale-cheezy</Object_Ref>
					<Object_Ref>Pepperoni-lovers-cheezy</Object_Ref>
					<Object_Ref>Supreme-cheezy</Object_Ref>
					<Object_Ref>Montagnarde-cheezy</Object_Ref>
					<Object_Ref>Chevre-miel-cheezy</Object_Ref>
					<Object_Ref>Forestiere-cheezy</Object_Ref>
					<Object_Ref>Samourai-cheezy</Object_Ref>
					<Object_Ref>Western-classic-cheezy</Object_Ref>
					<Object_Ref>Campagnarde-cheezy</Object_Ref>
					<Object_Ref>BPM-cheezy</Object_Ref>
				</Extent>
				<Intent>
					<Attribute_Ref>fromage</Attribute_Ref>
					<Attribute_Ref>inf22</Attribute_Ref>
					<Attribute_Ref>epaisse</Attribute_Ref>
				</Intent>
				<UpperCovers>
					<Concept_Ref>Concept_Prix-Pate_16</Concept_Ref>
					<Concept_Ref>Concept_Prix-Pate_19</Concept_Ref>
				</UpperCovers>
			</Concept>
			<Concept>
				<ID>Concept_Prix-Pate_15</ID>
				<Extent>
					<Object_Ref>Margherita-epaisse</Object_Ref>
					<Object_Ref>Margherita-cheezy</Object_Ref>
					<Object_Ref>Queen-epaisse</Object_Ref>
					<Object_Ref>Spicy-hot-one-epaisse</Object_Ref>
					<Object_Ref>4fromages-epaisse</Object_Ref>
					<Object_Ref>Kasbah-epaisse</Object_Ref>
					<Object_Ref>Nordique-epaisse</Object_Ref>
					<Object_Ref>Mafia-blues-epaisse</Object_Ref>
					<Object_Ref>Romaine-epaisse</Object_Ref>
					<Object_Ref>Hawaienne-epaisse</Object_Ref>
					<Object_Ref>Vegetarienne-epaisse</Object_Ref>
					<Object_Ref>Provencale-epaisse</Object_Ref>
					<Object_Ref>Louisiane-epaisse</Object_Ref>
					<Object_Ref>Raclette-epaisse</Object_Ref>
					<Object_Ref>TexaneBBQ-epaisse</Object_Ref>
					<Object_Ref>Cabri-epaisse</Object_Ref>
					<Object_Ref>Orientale-epaisse</Object_Ref>
					<Object_Ref>Pepperoni-lovers-epaisse</Object_Ref>
					<Object_Ref>Supreme-epaisse</Object_Ref>
					<Object_Ref>Montagnarde-epaisse</Object_Ref>
					<Object_Ref>Chevre-miel-epaisse</Object_Ref>
					<Object_Ref>Forestiere-epaisse</Object_Ref>
					<Object_Ref>Samourai-epaisse</Object_Ref>
					<Object_Ref>Western-classic-epaisse</Object_Ref>
					<Object_Ref>Campagnarde-epaisse</Object_Ref>
					<Object_Ref>BPM-epaisse</Object_Ref>
				</Extent>
				<Intent>
					<Attribute_Ref>inf20</Attribute_Ref>
					<Attribute_Ref>inf22</Attribute_Ref>
					<Attribute_Ref>epaisse</Attribute_Ref>
				</Intent>
				<UpperCovers>
					<Concept_Ref>Concept_Prix-Pate_21</Concept_Ref>
					<Concept_Ref>Concept_Prix-Pate_19</Concept_Ref>
				</UpperCovers>
			</Concept>
			<Concept>
				<ID>Concept_Prix-Pate_16</ID>
				<Extent>
					<Object_Ref>Margherita-cheezy</Object_Ref>
					<Object_Ref>Margherita-cheezy-fun</Object_Ref>
					<Object_Ref>Queen-cheezy</Object_Ref>
					<Object_Ref>Queen-cheezy-fun</Object_Ref>
					<Object_Ref>Spicy-hot-one-cheezy</Object_Ref>
					<Object_Ref>Spicy-hot-one-cheezy-fun</Object_Ref>
					<Object_Ref>4fromage-cheezy</Object_Ref>
					<Object_Ref>4fromage-cheezy-fun</Object_Ref>
					<Object_Ref>Kasbah-cheezy</Object_Ref>
					<Object_Ref>Nordique-cheezy</Object_Ref>
					<Object_Ref>Mafia-blues-cheezy</Object_Ref>
					<Object_Ref>Romaine-cheezy</Object_Ref>
					<Object_Ref>Hawaienne-cheezy</Object_Ref>
					<Object_Ref>Vegetarienne-cheezy</Object_Ref>
					<Object_Ref>Provencale-cheezy</Object_Ref>
					<Object_Ref>Louisiane-cheezy</Object_Ref>
					<Object_Ref>Raclette-cheezy</Object_Ref>
					<Object_Ref>TexaneBBQ-cheezy</Object_Ref>
					<Object_Ref>Cabri-cheezy</Object_Ref>
					<Object_Ref>Orientale-cheezy</Object_Ref>
					<Object_Ref>Pepperoni-lovers-cheezy</Object_Ref>
					<Object_Ref>Supreme-cheezy</Object_Ref>
					<Object_Ref>Montagnarde-cheezy</Object_Ref>
					<Object_Ref>Chevre-miel-cheezy</Object_Ref>
					<Object_Ref>Forestiere-cheezy</Object_Ref>
					<Object_Ref>Samourai-cheezy</Object_Ref>
					<Object_Ref>Western-classic-cheezy</Object_Ref>
					<Object_Ref>Campagnarde-cheezy</Object_Ref>
					<Object_Ref>BPM-cheezy</Object_Ref>
				</Extent>
				<Intent>
					<Attribute_Ref>fromage</Attribute_Ref>
				</Intent>
				<UpperCovers>
				</UpperCovers>
			</Concept>
			<Concept>
				<ID>Concept_Prix-Pate_17</ID>
				<Extent>
					<Object_Ref>Marherita_Fine</Object_Ref>
					<Object_Ref>Margherita-epaisse</Object_Ref>
					<Object_Ref>Queen-fine</Object_Ref>
					<Object_Ref>Queen-epaisse</Object_Ref>
					<Object_Ref>Spicy-hot-one-fine</Object_Ref>
					<Object_Ref>Spicy-hot-one-epaisse</Object_Ref>
					<Object_Ref>4fromages-fine</Object_Ref>
					<Object_Ref>Kasbah-fine</Object_Ref>
					<Object_Ref>Nordique-fine</Object_Ref>
					<Object_Ref>Mafia-blues-fine</Object_Ref>
					<Object_Ref>Roamaine-fine</Object_Ref>
					<Object_Ref>Romaine-epaisse</Object_Ref>
					<Object_Ref>Hawaienne-fine</Object_Ref>
					<Object_Ref>Hawaienne-epaisse</Object_Ref>
					<Object_Ref>Vegetarienne-fine</Object_Ref>
					<Object_Ref>Vegetarienne-epaisse</Object_Ref>
					<Object_Ref>Provencale-fine</Object_Ref>
					<Object_Ref>Louisiane-fine</Object_Ref>
					<Object_Ref>Raclette-fine</Object_Ref>
					<Object_Ref>TexaneBBQ-fine</Object_Ref>
					<Object_Ref>Cabri-fine</Object_Ref>
					<Object_Ref>Cabri-epaisse</Object_Ref>
					<Object_Ref>Orientale-fine</Object_Ref>
					<Object_Ref>Orientale-epaisse</Object_Ref>
					<Object_Ref>Pepperoni-lovers-fine</Object_Ref>
					<Object_Ref>Pepperoni-lovers-epaisse</Object_Ref>
					<Object_Ref>Supreme-fine</Object_Ref>
					<Object_Ref>Montagnarde-fine</Object_Ref>
					<Object_Ref>Chevre-miel-fine</Object_Ref>
					<Object_Ref>Forestiere-fine</Object_Ref>
					<Object_Ref>Forestiere-epaisse</Object_Ref>
					<Object_Ref>Samourai-fine</Object_Ref>
					<Object_Ref>Samourai-epaisse</Object_Ref>
					<Object_Ref>Western-classic-fine</Object_Ref>
					<Object_Ref>Campagnarde-fine</Object_Ref>
					<Object_Ref>BPM-fine</Object_Ref>
				</Extent>
				<Intent>
					<Attribute_Ref>inf18</Attribute_Ref>
					<Attribute_Ref>inf20</Attribute_Ref>
					<Attribute_Ref>inf22</Attribute_Ref>
					<Attribute_Ref>inf16</Attribute_Ref>
				</Intent>
				<UpperCovers>
					<Concept_Ref>Concept_Prix-Pate_18</Concept_Ref>
				</UpperCovers>
			</Concept>
			<Concept>
				<ID>Concept_Prix-Pate_18</ID>
				<Extent>
					<Object_Ref>Marherita_Fine</Object_Ref>
					<Object_Ref>Margherita-epaisse</Object_Ref>
					<Object_Ref>Margherita-cheezy</Object_Ref>
					<Object_Ref>Queen-fine</Object_Ref>
					<Object_Ref>Queen-epaisse</Object_Ref>
					<Object_Ref>Spicy-hot-one-fine</Object_Ref>
					<Object_Ref>Spicy-hot-one-epaisse</Object_Ref>
					<Object_Ref>4fromages-fine</Object_Ref>
					<Object_Ref>4fromages-epaisse</Object_Ref>
					<Object_Ref>Kasbah-fine</Object_Ref>
					<Object_Ref>Kasbah-epaisse</Object_Ref>
					<Object_Ref>Nordique-fine</Object_Ref>
					<Object_Ref>Mafia-blues-fine</Object_Ref>
					<Object_Ref>Roamaine-fine</Object_Ref>
					<Object_Ref>Romaine-epaisse</Object_Ref>
					<Object_Ref>Hawaienne-fine</Object_Ref>
					<Object_Ref>Hawaienne-epaisse</Object_Ref>
					<Object_Ref>Vegetarienne-fine</Object_Ref>
					<Object_Ref>Vegetarienne-epaisse</Object_Ref>
					<Object_Ref>Provencale-fine</Object_Ref>
					<Object_Ref>Provencale-epaisse</Object_Ref>
					<Object_Ref>Louisiane-fine</Object_Ref>
					<Object_Ref>Louisiane-epaisse</Object_Ref>
					<Object_Ref>Raclette-fine</Object_Ref>
					<Object_Ref>Raclette-epaisse</Object_Ref>
					<Object_Ref>TexaneBBQ-fine</Object_Ref>
					<Object_Ref>TexaneBBQ-epaisse</Object_Ref>
					<Object_Ref>Cabri-fine</Object_Ref>
					<Object_Ref>Cabri-epaisse</Object_Ref>
					<Object_Ref>Orientale-fine</Object_Ref>
					<Object_Ref>Orientale-epaisse</Object_Ref>
					<Object_Ref>Pepperoni-lovers-fine</Object_Ref>
					<Object_Ref>Pepperoni-lovers-epaisse</Object_Ref>
					<Object_Ref>Supreme-fine</Object_Ref>
					<Object_Ref>Supreme-epaisse</Object_Ref>
					<Object_Ref>Montagnarde-fine</Object_Ref>
					<Object_Ref>Montagnarde-epaisse</Object_Ref>
					<Object_Ref>Chevre-miel-fine</Object_Ref>
					<Object_Ref>Chevre-miel-epaisse</Object_Ref>
					<Object_Ref>Forestiere-fine</Object_Ref>
					<Object_Ref>Forestiere-epaisse</Object_Ref>
					<Object_Ref>Samourai-fine</Object_Ref>
					<Object_Ref>Samourai-epaisse</Object_Ref>
					<Object_Ref>Western-classic-fine</Object_Ref>
					<Object_Ref>Western-classic-epaisse</Object_Ref>
					<Object_Ref>Campagnarde-fine</Object_Ref>
					<Object_Ref>Campagnarde-epaisse</Object_Ref>
					<Object_Ref>BPM-fine</Object_Ref>
					<Object_Ref>BPM-epaisse</Object_Ref>
				</Extent>
				<Intent>
					<Attribute_Ref>inf18</Attribute_Ref>
					<Attribute_Ref>inf20</Attribute_Ref>
					<Attribute_Ref>inf22</Attribute_Ref>
				</Intent>
				<UpperCovers>
					<Concept_Ref>Concept_Prix-Pate_21</Concept_Ref>
				</UpperCovers>
			</Concept>
			<Concept>
				<ID>Concept_Prix-Pate_20</ID>
				<Extent>
					<Object_Ref>Marherita_Fine</Object_Ref>
					<Object_Ref>Margherita-cheezy-fun</Object_Ref>
					<Object_Ref>Queen-fine</Object_Ref>
					<Object_Ref>Queen-cheezy-fun</Object_Ref>
					<Object_Ref>Spicy-hot-one-fine</Object_Ref>
					<Object_Ref>Spicy-hot-one-cheezy-fun</Object_Ref>
					<Object_Ref>4fromages-fine</Object_Ref>
					<Object_Ref>4fromage-cheezy-fun</Object_Ref>
					<Object_Ref>Kasbah-fine</Object_Ref>
					<Object_Ref>Kasbah-cheezy-fun</Object_Ref>
					<Object_Ref>Nordique-fine</Object_Ref>
					<Object_Ref>Nordique-cheezy-fun</Object_Ref>
					<Object_Ref>Mafia-blues-fine</Object_Ref>
					<Object_Ref>Mafia-blues-cheezy-fun</Object_Ref>
					<Object_Ref>Roamaine-fine</Object_Ref>
					<Object_Ref>Romaine-cheezy-fun</Object_Ref>
					<Object_Ref>Hawaienne-fine</Object_Ref>
					<Object_Ref>Hawaienne-cheezy-fun</Object_Ref>
					<Object_Ref>Vegetarienne-fine</Object_Ref>
					<Object_Ref>Vegetarienne-cheezy-fun</Object_Ref>
					<Object_Ref>Provencale-fine</Object_Ref>
					<Object_Ref>Provencale-cheezy-fun</Object_Ref>
					<Object_Ref>Louisiane-fine</Object_Ref>
					<Object_Ref>Louisiane-cheezy-fun</Object_Ref>
					<Object_Ref>Raclette-fine</Object_Ref>
					<Object_Ref>Raclette-cheezy-fun</Object_Ref>
					<Object_Ref>TexaneBBQ-fine</Object_Ref>
					<Object_Ref>TexaneBBQ-cheezy-fun</Object_Ref>
					<Object_Ref>Cabri-fine</Object_Ref>
					<Object_Ref>Cabri-cheezy-fun</Object_Ref>
					<Object_Ref>Orientale-fine</Object_Ref>
					<Object_Ref>Orientale-cheezy-fun</Object_Ref>
					<Object_Ref>Pepperoni-lovers-fine</Object_Ref>
					<Object_Ref>Pepperoni-lovers-cheezy-fun</Object_Ref>
					<Object_Ref>Supreme-fine</Object_Ref>
					<Object_Ref>Supreme-cheezy-fun</Object_Ref>
					<Object_Ref>Montagnarde-fine</Object_Ref>
					<Object_Ref>Montagnarde-cheezy-fun</Object_Ref>
					<Object_Ref>Chevre-miel-fine</Object_Ref>
					<Object_Ref>Chevre-miel-cheezy-fun</Object_Ref>
					<Object_Ref>Forestiere-fine</Object_Ref>
					<Object_Ref>Forestiere-cheezy-fun</Object_Ref>
					<Object_Ref>Samourai-fine</Object_Ref>
					<Object_Ref>Samourai-cheezy-fun</Object_Ref>
					<Object_Ref>Western-classic-fine</Object_Ref>
					<Object_Ref>Western-classic-cheezy-fun</Object_Ref>
					<Object_Ref>Campagnarde-fine</Object_Ref>
					<Object_Ref>Campagnarde-cheezy-fun</Object_Ref>
					<Object_Ref>BPM-fine</Object_Ref>
					<Object_Ref>BPM-cheezy-fun</Object_Ref>
				</Extent>
				<Intent>
					<Attribute_Ref>Fine</Attribute_Ref>
				</Intent>
				<UpperCovers>
				</UpperCovers>
			</Concept>
			<Concept>
				<ID>Concept_Prix-Pate_19</ID>
				<Extent>
					<Object_Ref>Margherita-epaisse</Object_Ref>
					<Object_Ref>Margherita-cheezy</Object_Ref>
					<Object_Ref>Queen-epaisse</Object_Ref>
					<Object_Ref>Queen-cheezy</Object_Ref>
					<Object_Ref>Spicy-hot-one-epaisse</Object_Ref>
					<Object_Ref>Spicy-hot-one-cheezy</Object_Ref>
					<Object_Ref>4fromages-epaisse</Object_Ref>
					<Object_Ref>4fromage-cheezy</Object_Ref>
					<Object_Ref>Kasbah-epaisse</Object_Ref>
					<Object_Ref>Kasbah-cheezy</Object_Ref>
					<Object_Ref>Nordique-epaisse</Object_Ref>
					<Object_Ref>Nordique-cheezy</Object_Ref>
					<Object_Ref>Mafia-blues-epaisse</Object_Ref>
					<Object_Ref>Mafia-blues-cheezy</Object_Ref>
					<Object_Ref>Romaine-epaisse</Object_Ref>
					<Object_Ref>Romaine-cheezy</Object_Ref>
					<Object_Ref>Hawaienne-epaisse</Object_Ref>
					<Object_Ref>Hawaienne-cheezy</Object_Ref>
					<Object_Ref>Vegetarienne-epaisse</Object_Ref>
					<Object_Ref>Vegetarienne-cheezy</Object_Ref>
					<Object_Ref>Provencale-epaisse</Object_Ref>
					<Object_Ref>Provencale-cheezy</Object_Ref>
					<Object_Ref>Louisiane-epaisse</Object_Ref>
					<Object_Ref>Louisiane-cheezy</Object_Ref>
					<Object_Ref>Raclette-epaisse</Object_Ref>
					<Object_Ref>Raclette-cheezy</Object_Ref>
					<Object_Ref>TexaneBBQ-epaisse</Object_Ref>
					<Object_Ref>TexaneBBQ-cheezy</Object_Ref>
					<Object_Ref>Cabri-epaisse</Object_Ref>
					<Object_Ref>Cabri-cheezy</Object_Ref>
					<Object_Ref>Orientale-epaisse</Object_Ref>
					<Object_Ref>Orientale-cheezy</Object_Ref>
					<Object_Ref>Pepperoni-lovers-epaisse</Object_Ref>
					<Object_Ref>Pepperoni-lovers-cheezy</Object_Ref>
					<Object_Ref>Supreme-epaisse</Object_Ref>
					<Object_Ref>Supreme-cheezy</Object_Ref>
					<Object_Ref>Montagnarde-epaisse</Object_Ref>
					<Object_Ref>Montagnarde-cheezy</Object_Ref>
					<Object_Ref>Chevre-miel-epaisse</Object_Ref>
					<Object_Ref>Chevre-miel-cheezy</Object_Ref>
					<Object_Ref>Forestiere-epaisse</Object_Ref>
					<Object_Ref>Forestiere-cheezy</Object_Ref>
					<Object_Ref>Samourai-epaisse</Object_Ref>
					<Object_Ref>Samourai-cheezy</Object_Ref>
					<Object_Ref>Western-classic-epaisse</Object_Ref>
					<Object_Ref>Western-classic-cheezy</Object_Ref>
					<Object_Ref>Campagnarde-epaisse</Object_Ref>
					<Object_Ref>Campagnarde-cheezy</Object_Ref>
					<Object_Ref>BPM-epaisse</Object_Ref>
					<Object_Ref>BPM-cheezy</Object_Ref>
				</Extent>
				<Intent>
					<Attribute_Ref>inf22</Attribute_Ref>
					<Attribute_Ref>epaisse</Attribute_Ref>
				</Intent>
				<UpperCovers>
					<Concept_Ref>Concept_Prix-Pate_22</Concept_Ref>
				</UpperCovers>
			</Concept>
			<Concept>
				<ID>Concept_Prix-Pate_21</ID>
				<Extent>
					<Object_Ref>Marherita_Fine</Object_Ref>
					<Object_Ref>Margherita-epaisse</Object_Ref>
					<Object_Ref>Margherita-cheezy</Object_Ref>
					<Object_Ref>Margherita-cheezy-fun</Object_Ref>
					<Object_Ref>Queen-fine</Object_Ref>
					<Object_Ref>Queen-epaisse</Object_Ref>
					<Object_Ref>Spicy-hot-one-fine</Object_Ref>
					<Object_Ref>Spicy-hot-one-epaisse</Object_Ref>
					<Object_Ref>4fromages-fine</Object_Ref>
					<Object_Ref>4fromages-epaisse</Object_Ref>
					<Object_Ref>Kasbah-fine</Object_Ref>
					<Object_Ref>Kasbah-epaisse</Object_Ref>
					<Object_Ref>Nordique-fine</Object_Ref>
					<Object_Ref>Nordique-epaisse</Object_Ref>
					<Object_Ref>Mafia-blues-fine</Object_Ref>
					<Object_Ref>Mafia-blues-epaisse</Object_Ref>
					<Object_Ref>Roamaine-fine</Object_Ref>
					<Object_Ref>Romaine-epaisse</Object_Ref>
					<Object_Ref>Hawaienne-fine</Object_Ref>
					<Object_Ref>Hawaienne-epaisse</Object_Ref>
					<Object_Ref>Vegetarienne-fine</Object_Ref>
					<Object_Ref>Vegetarienne-epaisse</Object_Ref>
					<Object_Ref>Provencale-fine</Object_Ref>
					<Object_Ref>Provencale-epaisse</Object_Ref>
					<Object_Ref>Louisiane-fine</Object_Ref>
					<Object_Ref>Louisiane-epaisse</Object_Ref>
					<Object_Ref>Raclette-fine</Object_Ref>
					<Object_Ref>Raclette-epaisse</Object_Ref>
					<Object_Ref>TexaneBBQ-fine</Object_Ref>
					<Object_Ref>TexaneBBQ-epaisse</Object_Ref>
					<Object_Ref>Cabri-fine</Object_Ref>
					<Object_Ref>Cabri-epaisse</Object_Ref>
					<Object_Ref>Orientale-fine</Object_Ref>
					<Object_Ref>Orientale-epaisse</Object_Ref>
					<Object_Ref>Pepperoni-lovers-fine</Object_Ref>
					<Object_Ref>Pepperoni-lovers-epaisse</Object_Ref>
					<Object_Ref>Supreme-fine</Object_Ref>
					<Object_Ref>Supreme-epaisse</Object_Ref>
					<Object_Ref>Montagnarde-fine</Object_Ref>
					<Object_Ref>Montagnarde-epaisse</Object_Ref>
					<Object_Ref>Chevre-miel-fine</Object_Ref>
					<Object_Ref>Chevre-miel-epaisse</Object_Ref>
					<Object_Ref>Forestiere-fine</Object_Ref>
					<Object_Ref>Forestiere-epaisse</Object_Ref>
					<Object_Ref>Samourai-fine</Object_Ref>
					<Object_Ref>Samourai-epaisse</Object_Ref>
					<Object_Ref>Western-classic-fine</Object_Ref>
					<Object_Ref>Western-classic-epaisse</Object_Ref>
					<Object_Ref>Campagnarde-fine</Object_Ref>
					<Object_Ref>Campagnarde-epaisse</Object_Ref>
					<Object_Ref>BPM-fine</Object_Ref>
					<Object_Ref>BPM-epaisse</Object_Ref>
				</Extent>
				<Intent>
					<Attribute_Ref>inf20</Attribute_Ref>
					<Attribute_Ref>inf22</Attribute_Ref>
				</Intent>
				<UpperCovers>
					<Concept_Ref>Concept_Prix-Pate_22</Concept_Ref>
				</UpperCovers>
			</Concept>
			<Concept>
				<ID>Concept_Prix-Pate_22</ID>
				<Extent>
					<Object_Ref>Marherita_Fine</Object_Ref>
					<Object_Ref>Margherita-epaisse</Object_Ref>
					<Object_Ref>Margherita-cheezy</Object_Ref>
					<Object_Ref>Margherita-cheezy-fun</Object_Ref>
					<Object_Ref>Queen-fine</Object_Ref>
					<Object_Ref>Queen-epaisse</Object_Ref>
					<Object_Ref>Queen-cheezy</Object_Ref>
					<Object_Ref>Queen-cheezy-fun</Object_Ref>
					<Object_Ref>Spicy-hot-one-fine</Object_Ref>
					<Object_Ref>Spicy-hot-one-epaisse</Object_Ref>
					<Object_Ref>Spicy-hot-one-cheezy</Object_Ref>
					<Object_Ref>4fromages-fine</Object_Ref>
					<Object_Ref>4fromages-epaisse</Object_Ref>
					<Object_Ref>4fromage-cheezy</Object_Ref>
					<Object_Ref>4fromage-cheezy-fun</Object_Ref>
					<Object_Ref>Kasbah-fine</Object_Ref>
					<Object_Ref>Kasbah-epaisse</Object_Ref>
					<Object_Ref>Kasbah-cheezy</Object_Ref>
					<Object_Ref>Kasbah-cheezy-fun</Object_Ref>
					<Object_Ref>Nordique-fine</Object_Ref>
					<Object_Ref>Nordique-epaisse</Object_Ref>
					<Object_Ref>Nordique-cheezy</Object_Ref>
					<Object_Ref>Nordique-cheezy-fun</Object_Ref>
					<Object_Ref>Mafia-blues-fine</Object_Ref>
					<Object_Ref>Mafia-blues-epaisse</Object_Ref>
					<Object_Ref>Mafia-blues-cheezy</Object_Ref>
					<Object_Ref>Mafia-blues-cheezy-fun</Object_Ref>
					<Object_Ref>Roamaine-fine</Object_Ref>
					<Object_Ref>Romaine-epaisse</Object_Ref>
					<Object_Ref>Romaine-cheezy</Object_Ref>
					<Object_Ref>Romaine-cheezy-fun</Object_Ref>
					<Object_Ref>Hawaienne-fine</Object_Ref>
					<Object_Ref>Hawaienne-epaisse</Object_Ref>
					<Object_Ref>Hawaienne-cheezy</Object_Ref>
					<Object_Ref>Hawaienne-cheezy-fun</Object_Ref>
					<Object_Ref>Vegetarienne-fine</Object_Ref>
					<Object_Ref>Vegetarienne-epaisse</Object_Ref>
					<Object_Ref>Vegetarienne-cheezy</Object_Ref>
					<Object_Ref>Vegetarienne-cheezy-fun</Object_Ref>
					<Object_Ref>Provencale-fine</Object_Ref>
					<Object_Ref>Provencale-epaisse</Object_Ref>
					<Object_Ref>Provencale-cheezy</Object_Ref>
					<Object_Ref>Provencale-cheezy-fun</Object_Ref>
					<Object_Ref>Louisiane-fine</Object_Ref>
					<Object_Ref>Louisiane-epaisse</Object_Ref>
					<Object_Ref>Louisiane-cheezy</Object_Ref>
					<Object_Ref>Louisiane-cheezy-fun</Object_Ref>
					<Object_Ref>Raclette-fine</Object_Ref>
					<Object_Ref>Raclette-epaisse</Object_Ref>
					<Object_Ref>Raclette-cheezy</Object_Ref>
					<Object_Ref>Raclette-cheezy-fun</Object_Ref>
					<Object_Ref>TexaneBBQ-fine</Object_Ref>
					<Object_Ref>TexaneBBQ-epaisse</Object_Ref>
					<Object_Ref>TexaneBBQ-cheezy</Object_Ref>
					<Object_Ref>TexaneBBQ-cheezy-fun</Object_Ref>
					<Object_Ref>Cabri-fine</Object_Ref>
					<Object_Ref>Cabri-epaisse</Object_Ref>
					<Object_Ref>Cabri-cheezy</Object_Ref>
					<Object_Ref>Cabri-cheezy-fun</Object_Ref>
					<Object_Ref>Orientale-fine</Object_Ref>
					<Object_Ref>Orientale-epaisse</Object_Ref>
					<Object_Ref>Orientale-cheezy</Object_Ref>
					<Object_Ref>Orientale-cheezy-fun</Object_Ref>
					<Object_Ref>Pepperoni-lovers-fine</Object_Ref>
					<Object_Ref>Pepperoni-lovers-epaisse</Object_Ref>
					<Object_Ref>Pepperoni-lovers-cheezy</Object_Ref>
					<Object_Ref>Pepperoni-lovers-cheezy-fun</Object_Ref>
					<Object_Ref>Supreme-fine</Object_Ref>
					<Object_Ref>Supreme-epaisse</Object_Ref>
					<Object_Ref>Supreme-cheezy</Object_Ref>
					<Object_Ref>Supreme-cheezy-fun</Object_Ref>
					<Object_Ref>Montagnarde-fine</Object_Ref>
					<Object_Ref>Montagnarde-epaisse</Object_Ref>
					<Object_Ref>Montagnarde-cheezy</Object_Ref>
					<Object_Ref>Montagnarde-cheezy-fun</Object_Ref>
					<Object_Ref>Chevre-miel-fine</Object_Ref>
					<Object_Ref>Chevre-miel-epaisse</Object_Ref>
					<Object_Ref>Chevre-miel-cheezy</Object_Ref>
					<Object_Ref>Chevre-miel-cheezy-fun</Object_Ref>
					<Object_Ref>Forestiere-fine</Object_Ref>
					<Object_Ref>Forestiere-epaisse</Object_Ref>
					<Object_Ref>Forestiere-cheezy</Object_Ref>
					<Object_Ref>Forestiere-cheezy-fun</Object_Ref>
					<Object_Ref>Samourai-fine</Object_Ref>
					<Object_Ref>Samourai-epaisse</Object_Ref>
					<Object_Ref>Samourai-cheezy</Object_Ref>
					<Object_Ref>Samourai-cheezy-fun</Object_Ref>
					<Object_Ref>Western-classic-fine</Object_Ref>
					<Object_Ref>Western-classic-epaisse</Object_Ref>
					<Object_Ref>Western-classic-cheezy</Object_Ref>
					<Object_Ref>Western-classic-cheezy-fun</Object_Ref>
					<Object_Ref>Campagnarde-fine</Object_Ref>
					<Object_Ref>Campagnarde-epaisse</Object_Ref>
					<Object_Ref>Campagnarde-cheezy</Object_Ref>
					<Object_Ref>Campagnarde-cheezy-fun</Object_Ref>
					<Object_Ref>BPM-fine</Object_Ref>
					<Object_Ref>BPM-epaisse</Object_Ref>
					<Object_Ref>BPM-cheezy</Object_Ref>
					<Object_Ref>BPM-cheezy-fun</Object_Ref>
				</Extent>
				<Intent>
					<Attribute_Ref>inf22</Attribute_Ref>
				</Intent>
				<UpperCovers>
				</UpperCovers>
			</Concept>
		</Lattice>
	</Step >
	<Step nb="1">
		<Lattice numberObj="100" numberAtt="11" numberCpt="23" >
			<Config algo="ares">
			</Config>
			<Name>Prix-Pate</Name>
			<Object>Marherita_Fine</Object>
			<Object>Margherita-epaisse</Object>
			<Object>Margherita-cheezy</Object>
			<Object>Margherita-cheezy-fun</Object>
			<Object>Queen-fine</Object>
			<Object>Queen-epaisse</Object>
			<Object>Queen-cheezy</Object>
			<Object>Queen-cheezy-fun</Object>
			<Object>Spicy-hot-one-fine</Object>
			<Object>Spicy-hot-one-epaisse</Object>
			<Object>Spicy-hot-one-cheezy</Object>
			<Object>Spicy-hot-one-cheezy-fun</Object>
			<Object>4fromages-fine</Object>
			<Object>4fromages-epaisse</Object>
			<Object>4fromage-cheezy</Object>
			<Object>4fromage-cheezy-fun</Object>
			<Object>Kasbah-fine</Object>
			<Object>Kasbah-epaisse</Object>
			<Object>Kasbah-cheezy</Object>
			<Object>Kasbah-cheezy-fun</Object>
			<Object>Nordique-fine</Object>
			<Object>Nordique-epaisse</Object>
			<Object>Nordique-cheezy</Object>
			<Object>Nordique-cheezy-fun</Object>
			<Object>Mafia-blues-fine</Object>
			<Object>Mafia-blues-epaisse</Object>
			<Object>Mafia-blues-cheezy</Object>
			<Object>Mafia-blues-cheezy-fun</Object>
			<Object>Roamaine-fine</Object>
			<Object>Romaine-epaisse</Object>
			<Object>Romaine-cheezy</Object>
			<Object>Romaine-cheezy-fun</Object>
			<Object>Hawaienne-fine</Object>
			<Object>Hawaienne-epaisse</Object>
			<Object>Hawaienne-cheezy</Object>
			<Object>Hawaienne-cheezy-fun</Object>
			<Object>Vegetarienne-fine</Object>
			<Object>Vegetarienne-epaisse</Object>
			<Object>Vegetarienne-cheezy</Object>
			<Object>Vegetarienne-cheezy-fun</Object>
			<Object>Provencale-fine</Object>
			<Object>Provencale-epaisse</Object>
			<Object>Provencale-cheezy</Object>
			<Object>Provencale-cheezy-fun</Object>
			<Object>Louisiane-fine</Object>
			<Object>Louisiane-epaisse</Object>
			<Object>Louisiane-cheezy</Object>
			<Object>Louisiane-cheezy-fun</Object>
			<Object>Raclette-fine</Object>
			<Object>Raclette-epaisse</Object>
			<Object>Raclette-cheezy</Object>
			<Object>Raclette-cheezy-fun</Object>
			<Object>TexaneBBQ-fine</Object>
			<Object>TexaneBBQ-epaisse</Object>
			<Object>TexaneBBQ-cheezy</Object>
			<Object>TexaneBBQ-cheezy-fun</Object>
			<Object>Cabri-fine</Object>
			<Object>Cabri-epaisse</Object>
			<Object>Cabri-cheezy</Object>
			<Object>Cabri-cheezy-fun</Object>
			<Object>Orientale-fine</Object>
			<Object>Orientale-epaisse</Object>
			<Object>Orientale-cheezy</Object>
			<Object>Orientale-cheezy-fun</Object>
			<Object>Pepperoni-lovers-fine</Object>
			<Object>Pepperoni-lovers-epaisse</Object>
			<Object>Pepperoni-lovers-cheezy</Object>
			<Object>Pepperoni-lovers-cheezy-fun</Object>
			<Object>Supreme-fine</Object>
			<Object>Supreme-epaisse</Object>
			<Object>Supreme-cheezy</Object>
			<Object>Supreme-cheezy-fun</Object>
			<Object>Montagnarde-fine</Object>
			<Object>Montagnarde-epaisse</Object>
			<Object>Montagnarde-cheezy</Object>
			<Object>Montagnarde-cheezy-fun</Object>
			<Object>Chevre-miel-fine</Object>
			<Object>Chevre-miel-epaisse</Object>
			<Object>Chevre-miel-cheezy</Object>
			<Object>Chevre-miel-cheezy-fun</Object>
			<Object>Forestiere-fine</Object>
			<Object>Forestiere-epaisse</Object>
			<Object>Forestiere-cheezy</Object>
			<Object>Forestiere-cheezy-fun</Object>
			<Object>Samourai-fine</Object>
			<Object>Samourai-epaisse</Object>
			<Object>Samourai-cheezy</Object>
			<Object>Samourai-cheezy-fun</Object>
			<Object>Western-classic-fine</Object>
			<Object>Western-classic-epaisse</Object>
			<Object>Western-classic-cheezy</Object>
			<Object>Western-classic-cheezy-fun</Object>
			<Object>Campagnarde-fine</Object>
			<Object>Campagnarde-epaisse</Object>
			<Object>Campagnarde-cheezy</Object>
			<Object>Campagnarde-cheezy-fun</Object>
			<Object>BPM-fine</Object>
			<Object>BPM-epaisse</Object>
			<Object>BPM-cheezy</Object>
			<Object>BPM-cheezy-fun</Object>
			<Attribute>Fine</Attribute>
			<Attribute>epaisse</Attribute>
			<Attribute>fromage</Attribute>
			<Attribute>bouchees fromage</Attribute>
			<Attribute>inf10</Attribute>
			<Attribute>inf12</Attribute>
			<Attribute>inf14</Attribute>
			<Attribute>inf16</Attribute>
			<Attribute>inf18</Attribute>
			<Attribute>inf20</Attribute>
			<Attribute>inf22</Attribute>
			<Concept>
				<ID>Concept_Prix-Pate_2</ID>
				<Extent>
					<Object_Ref>Marherita_Fine</Object_Ref>
				</Extent>
				<Intent>
					<Attribute_Ref>inf18</Attribute_Ref>
					<Attribute_Ref>inf20</Attribute_Ref>
					<Attribute_Ref>inf12</Attribute_Ref>
					<Attribute_Ref>inf22</Attribute_Ref>
					<Attribute_Ref>inf10</Attribute_Ref>
					<Attribute_Ref>Fine</Attribute_Ref>
					<Attribute_Ref>inf16</Attribute_Ref>
					<Attribute_Ref>inf14</Attribute_Ref>
				</Intent>
				<UpperCovers>
					<Concept_Ref>Concept_Prix-Pate_6</Concept_Ref>
				</UpperCovers>
			</Concept>
			<Concept>
				<ID>Concept_Prix-Pate_1</ID>
				<Extent>
					<Object_Ref>Margherita-cheezy</Object_Ref>
				</Extent>
				<Intent>
					<Attribute_Ref>inf18</Attribute_Ref>
					<Attribute_Ref>inf20</Attribute_Ref>
					<Attribute_Ref>fromage</Attribute_Ref>
					<Attribute_Ref>inf22</Attribute_Ref>
					<Attribute_Ref>epaisse</Attribute_Ref>
				</Intent>
				<UpperCovers>
					<Concept_Ref>Concept_Prix-Pate_13</Concept_Ref>
					<Concept_Ref>Concept_Prix-Pate_12</Concept_Ref>
				</UpperCovers>
			</Concept>
			<Concept>
				<ID>Concept_Prix-Pate_0</ID>
				<Extent>
					<Object_Ref>Margherita-cheezy-fun</Object_Ref>
				</Extent>
				<Intent>
					<Attribute_Ref>bouchees fromage</Attribute_Ref>
					<Attribute_Ref>inf20</Attribute_Ref>
					<Attribute_Ref>fromage</Attribute_Ref>
					<Attribute_Ref>inf22</Attribute_Ref>
					<Attribute_Ref>Fine</Attribute_Ref>
				</Intent>
				<UpperCovers>
					<Concept_Ref>Concept_Prix-Pate_21</Concept_Ref>
					<Concept_Ref>Concept_Prix-Pate_3</Concept_Ref>
				</UpperCovers>
			</Concept>
			<Concept>
				<ID>Concept_Prix-Pate_3</ID>
				<Extent>
					<Object_Ref>Margherita-cheezy-fun</Object_Ref>
					<Object_Ref>Queen-cheezy-fun</Object_Ref>
					<Object_Ref>4fromage-cheezy-fun</Object_Ref>
				</Extent>
				<Intent>
					<Attribute_Ref>bouchees fromage</Attribute_Ref>
					<Attribute_Ref>fromage</Attribute_Ref>
					<Attribute_Ref>inf22</Attribute_Ref>
					<Attribute_Ref>Fine</Attribute_Ref>
				</Intent>
				<UpperCovers>
					<Concept_Ref>Concept_Prix-Pate_11</Concept_Ref>
					<Concept_Ref>Concept_Prix-Pate_4</Concept_Ref>
				</UpperCovers>
			</Concept>
			<Concept>
				<ID>Concept_Prix-Pate_4</ID>
				<Extent>
					<Object_Ref>Margherita-cheezy-fun</Object_Ref>
					<Object_Ref>Queen-cheezy-fun</Object_Ref>
					<Object_Ref>Spicy-hot-one-cheezy-fun</Object_Ref>
					<Object_Ref>4fromage-cheezy-fun</Object_Ref>
				</Extent>
				<Intent>
					<Attribute_Ref>fromage</Attribute_Ref>
					<Attribute_Ref>Fine</Attribute_Ref>
				</Intent>
				<UpperCovers>
					<Concept_Ref>Concept_Prix-Pate_20</Concept_Ref>
					<Concept_Ref>Concept_Prix-Pate_16</Concept_Ref>
				</UpperCovers>
			</Concept>
			<Concept>
				<ID>Concept_Prix-Pate_6</ID>
				<Extent>
					<Object_Ref>Marherita_Fine</Object_Ref>
					<Object_Ref>Roamaine-fine</Object_Ref>
					<Object_Ref>Cabri-fine</Object_Ref>
					<Object_Ref>Forestiere-fine</Object_Ref>
				</Extent>
				<Intent>
					<Attribute_Ref>inf18</Attribute_Ref>
					<Attribute_Ref>inf20</Attribute_Ref>
					<Attribute_Ref>inf12</Attribute_Ref>
					<Attribute_Ref>inf22</Attribute_Ref>
					<Attribute_Ref>Fine</Attribute_Ref>
					<Attribute_Ref>inf16</Attribute_Ref>
					<Attribute_Ref>inf14</Attribute_Ref>
				</Intent>
				<UpperCovers>
					<Concept_Ref>Concept_Prix-Pate_7</Concept_Ref>
					<Concept_Ref>Concept_Prix-Pate_9</Concept_Ref>
				</UpperCovers>
			</Concept>
			<Concept>
				<ID>Concept_Prix-Pate_5</ID>
				<Extent>
					<Object_Ref>Margherita-epaisse</Object_Ref>
					<Object_Ref>Romaine-epaisse</Object_Ref>
					<Object_Ref>Cabri-epaisse</Object_Ref>
					<Object_Ref>Forestiere-epaisse</Object_Ref>
				</Extent>
				<Intent>
					<Attribute_Ref>inf18</Attribute_Ref>
					<Attribute_Ref>inf20</Attribute_Ref>
					<Attribute_Ref>inf12</Attribute_Ref>
					<Attribute_Ref>inf22</Attribute_Ref>
					<Attribute_Ref>inf16</Attribute_Ref>
					<Attribute_Ref>epaisse</Attribute_Ref>
					<Attribute_Ref>inf14</Attribute_Ref>
				</Intent>
				<UpperCovers>
					<Concept_Ref>Concept_Prix-Pate_7</Concept_Ref>
					<Concept_Ref>Concept_Prix-Pate_8</Concept_Ref>
				</UpperCovers>
			</Concept>
			<Concept>
				<ID>Concept_Prix-Pate_7</ID>
				<Extent>
					<Object_Ref>Marherita_Fine</Object_Ref>
					<Object_Ref>Margherita-epaisse</Object_Ref>
					<Object_Ref>Roamaine-fine</Object_Ref>
					<Object_Ref>Romaine-epaisse</Object_Ref>
					<Object_Ref>Cabri-fine</Object_Ref>
					<Object_Ref>Cabri-epaisse</Object_Ref>
					<Object_Ref>Forestiere-fine</Object_Ref>
					<Object_Ref>Forestiere-epaisse</Object_Ref>
				</Extent>
				<Intent>
					<Attribute_Ref>inf18</Attribute_Ref>
					<Attribute_Ref>inf20</Attribute_Ref>
					<Attribute_Ref>inf12</Attribute_Ref>
					<Attribute_Ref>inf22</Attribute_Ref>
					<Attribute_Ref>inf16</Attribute_Ref>
					<Attribute_Ref>inf14</Attribute_Ref>
				</Intent>
				<UpperCovers>
					<Concept_Ref>Concept_Prix-Pate_10</Concept_Ref>
				</UpperCovers>
			</Concept>
			<Concept>
				<ID>Concept_Prix-Pate_9</ID>
				<Extent>
					<Object_Ref>Marherita_Fine</Object_Ref>
					<Object_Ref>Queen-fine</Object_Ref>
					<Object_Ref>Spicy-hot-one-fine</Object_Ref>
					<Object_Ref>Roamaine-fine</Object_Ref>
					<Object_Ref>Hawaienne-fine</Object_Ref>
					<Object_Ref>Vegetarienne-fine</Object_Ref>
					<Object_Ref>Cabri-fine</Object_Ref>
					<Object_Ref>Orientale-fine</Object_Ref>
					<Object_Ref>Pepperoni-lovers-fine</Object_Ref>
					<Object_Ref>Forestiere-fine</Object_Ref>
					<Object_Ref>Samourai-fine</Object_Ref>
				</Extent>
				<Intent>
					<Attribute_Ref>inf18</Attribute_Ref>
					<Attribute_Ref>inf20</Attribute_Ref>
					<Attribute_Ref>inf22</Attribute_Ref>
					<Attribute_Ref>Fine</Attribute_Ref>
					<Attribute_Ref>inf16</Attribute_Ref>
					<Attribute_Ref>inf14</Attribute_Ref>
				</Intent>
				<UpperCovers>
					<Concept_Ref>Concept_Prix-Pate_10</Concept_Ref>
					<Concept_Ref>Concept_Prix-Pate_14</Concept_Ref>
				</UpperCovers>
			</Concept>
			<Concept>
				<ID>Concept_Prix-Pate_8</ID>
				<Extent>
					<Object_Ref>Margherita-epaisse</Object_Ref>
					<Object_Ref>Queen-epaisse</Object_Ref>
					<Object_Ref>Spicy-hot-one-epaisse</Object_Ref>
					<Object_Ref>Romaine-epaisse</Object_Ref>
					<Object_Ref>Hawaienne-epaisse</Object_Ref>
					<Object_Ref>Vegetarienne-epaisse</Object_Ref>
					<Object_Ref>Cabri-epaisse</Object_Ref>
					<Object_Ref>Orientale-epaisse</Object_Ref>
					<Object_Ref>Pepperoni-lovers-epaisse</Object_Ref>
					<Object_Ref>Forestiere-epaisse</Object_Ref>
					<Object_Ref>Samourai-epaisse</Object_Ref>
				</Extent>
				<Intent>
					<Attribute_Ref>inf18</Attribute_Ref>
					<Attribute_Ref>inf20</Attribute_Ref>
					<Attribute_Ref>inf22</Attribute_Ref>
					<Attribute_Ref>inf16</Attribute_Ref>
					<Attribute_Ref>epaisse</Attribute_Ref>
				</Intent>
				<UpperCovers>
					<Concept_Ref>Concept_Prix-Pate_17</Concept_Ref>
					<Concept_Ref>Concept_Prix-Pate_12</Concept_Ref>
				</UpperCovers>
			</Concept>
			<Concept>
				<ID>Concept_Prix-Pate_10</ID>
				<Extent>
					<Object_Ref>Marherita_Fine</Object_Ref>
					<Object_Ref>Margherita-epaisse</Object_Ref>
					<Object_Ref>Queen-fine</Object_Ref>
					<Object_Ref>Spicy-hot-one-fine</Object_Ref>
					<Object_Ref>Roamaine-fine</Object_Ref>
					<Object_Ref>Romaine-epaisse</Object_Ref>
					<Object_Ref>Hawaienne-fine</Object_Ref>
					<Object_Ref>Vegetarienne-fine</Object_Ref>
					<Object_Ref>Cabri-fine</Object_Ref>
					<Object_Ref>Cabri-epaisse</Object_Ref>
					<Object_Ref>Orientale-fine</Object_Ref>
					<Object_Ref>Pepperoni-lovers-fine</Object_Ref>
					<Object_Ref>Forestiere-fine</Object_Ref>
					<Object_Ref>Forestiere-epaisse</Object_Ref>
					<Object_Ref>Samourai-fine</Object_Ref>
				</Extent>
				<Intent>
					<Attribute_Ref>inf18</Attribute_Ref>
					<Attribute_Ref>inf20</Attribute_Ref>
					<Attribute_Ref>inf22</Attribute_Ref>
					<Attribute_Ref>inf16</Attribute_Ref>
					<Attribute_Ref>inf14</Attribute_Ref>
				</Intent>
				<UpperCovers>
					<Concept_Ref>Concept_Prix-Pate_17</Concept_Ref>
				</UpperCovers>
			</Concept>
			<Concept>
				<ID>Concept_Prix-Pate_11</ID>
				<Extent>
					<Object_Ref>Margherita-cheezy-fun</Object_Ref>
					<Object_Ref>Queen-cheezy-fun</Object_Ref>
					<Object_Ref>4fromage-cheezy-fun</Object_Ref>
					<Object_Ref>Kasbah-cheezy-fun</Object_Ref>
					<Object_Ref>Nordique-cheezy-fun</Object_Ref>
					<Object_Ref>Mafia-blues-cheezy-fun</Object_Ref>
					<Object_Ref>Romaine-cheezy-fun</Object_Ref>
					<Object_Ref>Hawaienne-cheezy-fun</Object_Ref>
					<Object_Ref>Vegetarienne-cheezy-fun</Object_Ref>
					<Object_Ref>Provencale-cheezy-fun</Object_Ref>
					<Object_Ref>Louisiane-cheezy-fun</Object_Ref>
					<Object_Ref>Raclette-cheezy-fun</Object_Ref>
					<Object_Ref>TexaneBBQ-cheezy-fun</Object_Ref>
					<Object_Ref>Cabri-cheezy-fun</Object_Ref>
					<Object_Ref>Orientale-cheezy-fun</Object_Ref>
					<Object_Ref>Pepperoni-lovers-cheezy-fun</Object_Ref>
					<Object_Ref>Supreme-cheezy-fun</Object_Ref>
					<Object_Ref>Montagnarde-cheezy-fun</Object_Ref>
					<Object_Ref>Chevre-miel-cheezy-fun</Object_Ref>
					<Object_Ref>Forestiere-cheezy-fun</Object_Ref>
					<Object_Ref>Samourai-cheezy-fun</Object_Ref>
					<Object_Ref>Western-classic-cheezy-fun</Object_Ref>
					<Object_Ref>Campagnarde-cheezy-fun</Object_Ref>
					<Object_Ref>BPM-cheezy-fun</Object_Ref>
				</Extent>
				<Intent>
					<Attribute_Ref>bouchees fromage</Attribute_Ref>
					<Attribute_Ref>inf22</Attribute_Ref>
					<Attribute_Ref>Fine</Attribute_Ref>
				</Intent>
				<UpperCovers>
					<Concept_Ref>Concept_Prix-Pate_20</Concept_Ref>
					<Concept_Ref>Concept_Prix-Pate_22</Concept_Ref>
				</UpperCovers>
			</Concept>
			<Concept>
				<ID>Concept_Prix-Pate_12</ID>
				<Extent>
					<Object_Ref>Margherita-epaisse</Object_Ref>
					<Object_Ref>Margherita-cheezy</Object_Ref>
					<Object_Ref>Queen-epaisse</Object_Ref>
					<Object_Ref>Spicy-hot-one-epaisse</Object_Ref>
					<Object_Ref>4fromages-epaisse</Object_Ref>
					<Object_Ref>Kasbah-epaisse</Object_Ref>
					<Object_Ref>Romaine-epaisse</Object_Ref>
					<Object_Ref>Hawaienne-epaisse</Object_Ref>
					<Object_Ref>Vegetarienne-epaisse</Object_Ref>
					<Object_Ref>Provencale-epaisse</Object_Ref>
					<Object_Ref>Louisiane-epaisse</Object_Ref>
					<Object_Ref>Raclette-epaisse</Object_Ref>
					<Object_Ref>TexaneBBQ-epaisse</Object_Ref>
					<Object_Ref>Cabri-epaisse</Object_Ref>
					<Object_Ref>Orientale-epaisse</Object_Ref>
					<Object_Ref>Pepperoni-lovers-epaisse</Object_Ref>
					<Object_Ref>Supreme-epaisse</Object_Ref>
					<Object_Ref>Montagnarde-epaisse</Object_Ref>
					<Object_Ref>Chevre-miel-epaisse</Object_Ref>
					<Object_Ref>Forestiere-epaisse</Object_Ref>
					<Object_Ref>Samourai-epaisse</Object_Ref>
					<Object_Ref>Western-classic-epaisse</Object_Ref>
					<Object_Ref>Campagnarde-epaisse</Object_Ref>
					<Object_Ref>BPM-epaisse</Object_Ref>
				</Extent>
				<Intent>
					<Attribute_Ref>inf18</Attribute_Ref>
					<Attribute_Ref>inf20</Attribute_Ref>
					<Attribute_Ref>inf22</Attribute_Ref>
					<Attribute_Ref>epaisse</Attribute_Ref>
				</Intent>
				<UpperCovers>
					<Concept_Ref>Concept_Prix-Pate_18</Concept_Ref>
					<Concept_Ref>Concept_Prix-Pate_15</Concept_Ref>
				</UpperCovers>
			</Concept>
			<Concept>
				<ID>Concept_Prix-Pate_13</ID>
				<Extent>
					<Object_Ref>Margherita-cheezy</Object_Ref>
					<Object_Ref>Queen-cheezy</Object_Ref>
					<Object_Ref>Spicy-hot-one-cheezy</Object_Ref>
					<Object_Ref>4fromage-cheezy</Object_Ref>
					<Object_Ref>Kasbah-cheezy</Object_Ref>
					<Object_Ref>Nordique-cheezy</Object_Ref>
					<Object_Ref>Mafia-blues-cheezy</Object_Ref>
					<Object_Ref>Romaine-cheezy</Object_Ref>
					<Object_Ref>Hawaienne-cheezy</Object_Ref>
					<Object_Ref>Vegetarienne-cheezy</Object_Ref>
					<Object_Ref>Provencale-cheezy</Object_Ref>
					<Object_Ref>Louisiane-cheezy</Object_Ref>
					<Object_Ref>Raclette-cheezy</Object_Ref>
					<Object_Ref>TexaneBBQ-cheezy</Object_Ref>
					<Object_Ref>Cabri-cheezy</Object_Ref>
					<Object_Ref>Orientale-cheezy</Object_Ref>
					<Object_Ref>Pepperoni-lovers-cheezy</Object_Ref>
					<Object_Ref>Supreme-cheezy</Object_Ref>
					<Object_Ref>Montagnarde-cheezy</Object_Ref>
					<Object_Ref>Chevre-miel-cheezy</Object_Ref>
					<Object_Ref>Forestiere-cheezy</Object_Ref>
					<Object_Ref>Samourai-cheezy</Object_Ref>
					<Object_Ref>Western-classic-cheezy</Object_Ref>
					<Object_Ref>Campagnarde-cheezy</Object_Ref>
					<Object_Ref>BPM-cheezy</Object_Ref>
				</Extent>
				<Intent>
					<Attribute_Ref>fromage</Attribute_Ref>
					<Attribute_Ref>inf22</Attribute_Ref>
					<Attribute_Ref>epaisse</Attribute_Ref>
				</Intent>
				<UpperCovers>
					<Concept_Ref>Concept_Prix-Pate_16</Concept_Ref>
					<Concept_Ref>Concept_Prix-Pate_19</Concept_Ref>
				</UpperCovers>
			</Concept>
			<Concept>
				<ID>Concept_Prix-Pate_14</ID>
				<Extent>
					<Object_Ref>Marherita_Fine</Object_Ref>
					<Object_Ref>Queen-fine</Object_Ref>
					<Object_Ref>Spicy-hot-one-fine</Object_Ref>
					<Object_Ref>4fromages-fine</Object_Ref>
					<Object_Ref>Kasbah-fine</Object_Ref>
					<Object_Ref>Nordique-fine</Object_Ref>
					<Object_Ref>Mafia-blues-fine</Object_Ref>
					<Object_Ref>Roamaine-fine</Object_Ref>
					<Object_Ref>Hawaienne-fine</Object_Ref>
					<Object_Ref>Vegetarienne-fine</Object_Ref>
					<Object_Ref>Provencale-fine</Object_Ref>
					<Object_Ref>Louisiane-fine</Object_Ref>
					<Object_Ref>Raclette-fine</Object_Ref>
					<Object_Ref>TexaneBBQ-fine</Object_Ref>
					<Object_Ref>Cabri-fine</Object_Ref>
					<Object_Ref>Orientale-fine</Object_Ref>
					<Object_Ref>Pepperoni-lovers-fine</Object_Ref>
					<Object_Ref>Supreme-fine</Object_Ref>
					<Object_Ref>Montagnarde-fine</Object_Ref>
					<Object_Ref>Chevre-miel-fine</Object_Ref>
					<Object_Ref>Forestiere-fine</Object_Ref>
					<Object_Ref>Samourai-fine</Object_Ref>
					<Object_Ref>Western-classic-fine</Object_Ref>
					<Object_Ref>Campagnarde-fine</Object_Ref>
					<Object_Ref>BPM-fine</Object_Ref>
				</Extent>
				<Intent>
					<Attribute_Ref>inf18</Attribute_Ref>
					<Attribute_Ref>inf20</Attribute_Ref>
					<Attribute_Ref>inf22</Attribute_Ref>
					<Attribute_Ref>Fine</Attribute_Ref>
					<Attribute_Ref>inf16</Attribute_Ref>
				</Intent>
				<UpperCovers>
					<Concept_Ref>Concept_Prix-Pate_20</Concept_Ref>
					<Concept_Ref>Concept_Prix-Pate_17</Concept_Ref>
				</UpperCovers>
			</Concept>
			<Concept>
				<ID>Concept_Prix-Pate_15</ID>
				<Extent>
					<Object_Ref>Margherita-epaisse</Object_Ref>
					<Object_Ref>Margherita-cheezy</Object_Ref>
					<Object_Ref>Queen-epaisse</Object_Ref>
					<Object_Ref>Spicy-hot-one-epaisse</Object_Ref>
					<Object_Ref>4fromages-epaisse</Object_Ref>
					<Object_Ref>Kasbah-epaisse</Object_Ref>
					<Object_Ref>Nordique-epaisse</Object_Ref>
					<Object_Ref>Mafia-blues-epaisse</Object_Ref>
					<Object_Ref>Romaine-epaisse</Object_Ref>
					<Object_Ref>Hawaienne-epaisse</Object_Ref>
					<Object_Ref>Vegetarienne-epaisse</Object_Ref>
					<Object_Ref>Provencale-epaisse</Object_Ref>
					<Object_Ref>Louisiane-epaisse</Object_Ref>
					<Object_Ref>Raclette-epaisse</Object_Ref>
					<Object_Ref>TexaneBBQ-epaisse</Object_Ref>
					<Object_Ref>Cabri-epaisse</Object_Ref>
					<Object_Ref>Orientale-epaisse</Object_Ref>
					<Object_Ref>Pepperoni-lovers-epaisse</Object_Ref>
					<Object_Ref>Supreme-epaisse</Object_Ref>
					<Object_Ref>Montagnarde-epaisse</Object_Ref>
					<Object_Ref>Chevre-miel-epaisse</Object_Ref>
					<Object_Ref>Forestiere-epaisse</Object_Ref>
					<Object_Ref>Samourai-epaisse</Object_Ref>
					<Object_Ref>Western-classic-epaisse</Object_Ref>
					<Object_Ref>Campagnarde-epaisse</Object_Ref>
					<Object_Ref>BPM-epaisse</Object_Ref>
				</Extent>
				<Intent>
					<Attribute_Ref>inf20</Attribute_Ref>
					<Attribute_Ref>inf22</Attribute_Ref>
					<Attribute_Ref>epaisse</Attribute_Ref>
				</Intent>
				<UpperCovers>
					<Concept_Ref>Concept_Prix-Pate_21</Concept_Ref>
					<Concept_Ref>Concept_Prix-Pate_19</Concept_Ref>
				</UpperCovers>
			</Concept>
			<Concept>
				<ID>Concept_Prix-Pate_16</ID>
				<Extent>
					<Object_Ref>Margherita-cheezy</Object_Ref>
					<Object_Ref>Margherita-cheezy-fun</Object_Ref>
					<Object_Ref>Queen-cheezy</Object_Ref>
					<Object_Ref>Queen-cheezy-fun</Object_Ref>
					<Object_Ref>Spicy-hot-one-cheezy</Object_Ref>
					<Object_Ref>Spicy-hot-one-cheezy-fun</Object_Ref>
					<Object_Ref>4fromage-cheezy</Object_Ref>
					<Object_Ref>4fromage-cheezy-fun</Object_Ref>
					<Object_Ref>Kasbah-cheezy</Object_Ref>
					<Object_Ref>Nordique-cheezy</Object_Ref>
					<Object_Ref>Mafia-blues-cheezy</Object_Ref>
					<Object_Ref>Romaine-cheezy</Object_Ref>
					<Object_Ref>Hawaienne-cheezy</Object_Ref>
					<Object_Ref>Vegetarienne-cheezy</Object_Ref>
					<Object_Ref>Provencale-cheezy</Object_Ref>
					<Object_Ref>Louisiane-cheezy</Object_Ref>
					<Object_Ref>Raclette-cheezy</Object_Ref>
					<Object_Ref>TexaneBBQ-cheezy</Object_Ref>
					<Object_Ref>Cabri-cheezy</Object_Ref>
					<Object_Ref>Orientale-cheezy</Object_Ref>
					<Object_Ref>Pepperoni-lovers-cheezy</Object_Ref>
					<Object_Ref>Supreme-cheezy</Object_Ref>
					<Object_Ref>Montagnarde-cheezy</Object_Ref>
					<Object_Ref>Chevre-miel-cheezy</Object_Ref>
					<Object_Ref>Forestiere-cheezy</Object_Ref>
					<Object_Ref>Samourai-cheezy</Object_Ref>
					<Object_Ref>Western-classic-cheezy</Object_Ref>
					<Object_Ref>Campagnarde-cheezy</Object_Ref>
					<Object_Ref>BPM-cheezy</Object_Ref>
				</Extent>
				<Intent>
					<Attribute_Ref>fromage</Attribute_Ref>
				</Intent>
				<UpperCovers>
				</UpperCovers>
			</Concept>
			<Concept>
				<ID>Concept_Prix-Pate_17</ID>
				<Extent>
					<Object_Ref>Marherita_Fine</Object_Ref>
					<Object_Ref>Margherita-epaisse</Object_Ref>
					<Object_Ref>Queen-fine</Object_Ref>
					<Object_Ref>Queen-epaisse</Object_Ref>
					<Object_Ref>Spicy-hot-one-fine</Object_Ref>
					<Object_Ref>Spicy-hot-one-epaisse</Object_Ref>
					<Object_Ref>4fromages-fine</Object_Ref>
					<Object_Ref>Kasbah-fine</Object_Ref>
					<Object_Ref>Nordique-fine</Object_Ref>
					<Object_Ref>Mafia-blues-fine</Object_Ref>
					<Object_Ref>Roamaine-fine</Object_Ref>
					<Object_Ref>Romaine-epaisse</Object_Ref>
					<Object_Ref>Hawaienne-fine</Object_Ref>
					<Object_Ref>Hawaienne-epaisse</Object_Ref>
					<Object_Ref>Vegetarienne-fine</Object_Ref>
					<Object_Ref>Vegetarienne-epaisse</Object_Ref>
					<Object_Ref>Provencale-fine</Object_Ref>
					<Object_Ref>Louisiane-fine</Object_Ref>
					<Object_Ref>Raclette-fine</Object_Ref>
					<Object_Ref>TexaneBBQ-fine</Object_Ref>
					<Object_Ref>Cabri-fine</Object_Ref>
					<Object_Ref>Cabri-epaisse</Object_Ref>
					<Object_Ref>Orientale-fine</Object_Ref>
					<Object_Ref>Orientale-epaisse</Object_Ref>
					<Object_Ref>Pepperoni-lovers-fine</Object_Ref>
					<Object_Ref>Pepperoni-lovers-epaisse</Object_Ref>
					<Object_Ref>Supreme-fine</Object_Ref>
					<Object_Ref>Montagnarde-fine</Object_Ref>
					<Object_Ref>Chevre-miel-fine</Object_Ref>
					<Object_Ref>Forestiere-fine</Object_Ref>
					<Object_Ref>Forestiere-epaisse</Object_Ref>
					<Object_Ref>Samourai-fine</Object_Ref>
					<Object_Ref>Samourai-epaisse</Object_Ref>
					<Object_Ref>Western-classic-fine</Object_Ref>
					<Object_Ref>Campagnarde-fine</Object_Ref>
					<Object_Ref>BPM-fine</Object_Ref>
				</Extent>
				<Intent>
					<Attribute_Ref>inf18</Attribute_Ref>
					<Attribute_Ref>inf20</Attribute_Ref>
					<Attribute_Ref>inf22</Attribute_Ref>
					<Attribute_Ref>inf16</Attribute_Ref>
				</Intent>
				<UpperCovers>
					<Concept_Ref>Concept_Prix-Pate_18</Concept_Ref>
				</UpperCovers>
			</Concept>
			<Concept>
				<ID>Concept_Prix-Pate_18</ID>
				<Extent>
					<Object_Ref>Marherita_Fine</Object_Ref>
					<Object_Ref>Margherita-epaisse</Object_Ref>
					<Object_Ref>Margherita-cheezy</Object_Ref>
					<Object_Ref>Queen-fine</Object_Ref>
					<Object_Ref>Queen-epaisse</Object_Ref>
					<Object_Ref>Spicy-hot-one-fine</Object_Ref>
					<Object_Ref>Spicy-hot-one-epaisse</Object_Ref>
					<Object_Ref>4fromages-fine</Object_Ref>
					<Object_Ref>4fromages-epaisse</Object_Ref>
					<Object_Ref>Kasbah-fine</Object_Ref>
					<Object_Ref>Kasbah-epaisse</Object_Ref>
					<Object_Ref>Nordique-fine</Object_Ref>
					<Object_Ref>Mafia-blues-fine</Object_Ref>
					<Object_Ref>Roamaine-fine</Object_Ref>
					<Object_Ref>Romaine-epaisse</Object_Ref>
					<Object_Ref>Hawaienne-fine</Object_Ref>
					<Object_Ref>Hawaienne-epaisse</Object_Ref>
					<Object_Ref>Vegetarienne-fine</Object_Ref>
					<Object_Ref>Vegetarienne-epaisse</Object_Ref>
					<Object_Ref>Provencale-fine</Object_Ref>
					<Object_Ref>Provencale-epaisse</Object_Ref>
					<Object_Ref>Louisiane-fine</Object_Ref>
					<Object_Ref>Louisiane-epaisse</Object_Ref>
					<Object_Ref>Raclette-fine</Object_Ref>
					<Object_Ref>Raclette-epaisse</Object_Ref>
					<Object_Ref>TexaneBBQ-fine</Object_Ref>
					<Object_Ref>TexaneBBQ-epaisse</Object_Ref>
					<Object_Ref>Cabri-fine</Object_Ref>
					<Object_Ref>Cabri-epaisse</Object_Ref>
					<Object_Ref>Orientale-fine</Object_Ref>
					<Object_Ref>Orientale-epaisse</Object_Ref>
					<Object_Ref>Pepperoni-lovers-fine</Object_Ref>
					<Object_Ref>Pepperoni-lovers-epaisse</Object_Ref>
					<Object_Ref>Supreme-fine</Object_Ref>
					<Object_Ref>Supreme-epaisse</Object_Ref>
					<Object_Ref>Montagnarde-fine</Object_Ref>
					<Object_Ref>Montagnarde-epaisse</Object_Ref>
					<Object_Ref>Chevre-miel-fine</Object_Ref>
					<Object_Ref>Chevre-miel-epaisse</Object_Ref>
					<Object_Ref>Forestiere-fine</Object_Ref>
					<Object_Ref>Forestiere-epaisse</Object_Ref>
					<Object_Ref>Samourai-fine</Object_Ref>
					<Object_Ref>Samourai-epaisse</Object_Ref>
					<Object_Ref>Western-classic-fine</Object_Ref>
					<Object_Ref>Western-classic-epaisse</Object_Ref>
					<Object_Ref>Campagnarde-fine</Object_Ref>
					<Object_Ref>Campagnarde-epaisse</Object_Ref>
					<Object_Ref>BPM-fine</Object_Ref>
					<Object_Ref>BPM-epaisse</Object_Ref>
				</Extent>
				<Intent>
					<Attribute_Ref>inf18</Attribute_Ref>
					<Attribute_Ref>inf20</Attribute_Ref>
					<Attribute_Ref>inf22</Attribute_Ref>
				</Intent>
				<UpperCovers>
					<Concept_Ref>Concept_Prix-Pate_21</Concept_Ref>
				</UpperCovers>
			</Concept>
			<Concept>
				<ID>Concept_Prix-Pate_20</ID>
				<Extent>
					<Object_Ref>Marherita_Fine</Object_Ref>
					<Object_Ref>Margherita-cheezy-fun</Object_Ref>
					<Object_Ref>Queen-fine</Object_Ref>
					<Object_Ref>Queen-cheezy-fun</Object_Ref>
					<Object_Ref>Spicy-hot-one-fine</Object_Ref>
					<Object_Ref>Spicy-hot-one-cheezy-fun</Object_Ref>
					<Object_Ref>4fromages-fine</Object_Ref>
					<Object_Ref>4fromage-cheezy-fun</Object_Ref>
					<Object_Ref>Kasbah-fine</Object_Ref>
					<Object_Ref>Kasbah-cheezy-fun</Object_Ref>
					<Object_Ref>Nordique-fine</Object_Ref>
					<Object_Ref>Nordique-cheezy-fun</Object_Ref>
					<Object_Ref>Mafia-blues-fine</Object_Ref>
					<Object_Ref>Mafia-blues-cheezy-fun</Object_Ref>
					<Object_Ref>Roamaine-fine</Object_Ref>
					<Object_Ref>Romaine-cheezy-fun</Object_Ref>
					<Object_Ref>Hawaienne-fine</Object_Ref>
					<Object_Ref>Hawaienne-cheezy-fun</Object_Ref>
					<Object_Ref>Vegetarienne-fine</Object_Ref>
					<Object_Ref>Vegetarienne-cheezy-fun</Object_Ref>
					<Object_Ref>Provencale-fine</Object_Ref>
					<Object_Ref>Provencale-cheezy-fun</Object_Ref>
					<Object_Ref>Louisiane-fine</Object_Ref>
					<Object_Ref>Louisiane-cheezy-fun</Object_Ref>
					<Object_Ref>Raclette-fine</Object_Ref>
					<Object_Ref>Raclette-cheezy-fun</Object_Ref>
					<Object_Ref>TexaneBBQ-fine</Object_Ref>
					<Object_Ref>TexaneBBQ-cheezy-fun</Object_Ref>
					<Object_Ref>Cabri-fine</Object_Ref>
					<Object_Ref>Cabri-cheezy-fun</Object_Ref>
					<Object_Ref>Orientale-fine</Object_Ref>
					<Object_Ref>Orientale-cheezy-fun</Object_Ref>
					<Object_Ref>Pepperoni-lovers-fine</Object_Ref>
					<Object_Ref>Pepperoni-lovers-cheezy-fun</Object_Ref>
					<Object_Ref>Supreme-fine</Object_Ref>
					<Object_Ref>Supreme-cheezy-fun</Object_Ref>
					<Object_Ref>Montagnarde-fine</Object_Ref>
					<Object_Ref>Montagnarde-cheezy-fun</Object_Ref>
					<Object_Ref>Chevre-miel-fine</Object_Ref>
					<Object_Ref>Chevre-miel-cheezy-fun</Object_Ref>
					<Object_Ref>Forestiere-fine</Object_Ref>
					<Object_Ref>Forestiere-cheezy-fun</Object_Ref>
					<Object_Ref>Samourai-fine</Object_Ref>
					<Object_Ref>Samourai-cheezy-fun</Object_Ref>
					<Object_Ref>Western-classic-fine</Object_Ref>
					<Object_Ref>Western-classic-cheezy-fun</Object_Ref>
					<Object_Ref>Campagnarde-fine</Object_Ref>
					<Object_Ref>Campagnarde-cheezy-fun</Object_Ref>
					<Object_Ref>BPM-fine</Object_Ref>
					<Object_Ref>BPM-cheezy-fun</Object_Ref>
				</Extent>
				<Intent>
					<Attribute_Ref>Fine</Attribute_Ref>
				</Intent>
				<UpperCovers>
				</UpperCovers>
			</Concept>
			<Concept>
				<ID>Concept_Prix-Pate_19</ID>
				<Extent>
					<Object_Ref>Margherita-epaisse</Object_Ref>
					<Object_Ref>Margherita-cheezy</Object_Ref>
					<Object_Ref>Queen-epaisse</Object_Ref>
					<Object_Ref>Queen-cheezy</Object_Ref>
					<Object_Ref>Spicy-hot-one-epaisse</Object_Ref>
					<Object_Ref>Spicy-hot-one-cheezy</Object_Ref>
					<Object_Ref>4fromages-epaisse</Object_Ref>
					<Object_Ref>4fromage-cheezy</Object_Ref>
					<Object_Ref>Kasbah-epaisse</Object_Ref>
					<Object_Ref>Kasbah-cheezy</Object_Ref>
					<Object_Ref>Nordique-epaisse</Object_Ref>
					<Object_Ref>Nordique-cheezy</Object_Ref>
					<Object_Ref>Mafia-blues-epaisse</Object_Ref>
					<Object_Ref>Mafia-blues-cheezy</Object_Ref>
					<Object_Ref>Romaine-epaisse</Object_Ref>
					<Object_Ref>Romaine-cheezy</Object_Ref>
					<Object_Ref>Hawaienne-epaisse</Object_Ref>
					<Object_Ref>Hawaienne-cheezy</Object_Ref>
					<Object_Ref>Vegetarienne-epaisse</Object_Ref>
					<Object_Ref>Vegetarienne-cheezy</Object_Ref>
					<Object_Ref>Provencale-epaisse</Object_Ref>
					<Object_Ref>Provencale-cheezy</Object_Ref>
					<Object_Ref>Louisiane-epaisse</Object_Ref>
					<Object_Ref>Louisiane-cheezy</Object_Ref>
					<Object_Ref>Raclette-epaisse</Object_Ref>
					<Object_Ref>Raclette-cheezy</Object_Ref>
					<Object_Ref>TexaneBBQ-epaisse</Object_Ref>
					<Object_Ref>TexaneBBQ-cheezy</Object_Ref>
					<Object_Ref>Cabri-epaisse</Object_Ref>
					<Object_Ref>Cabri-cheezy</Object_Ref>
					<Object_Ref>Orientale-epaisse</Object_Ref>
					<Object_Ref>Orientale-cheezy</Object_Ref>
					<Object_Ref>Pepperoni-lovers-epaisse</Object_Ref>
					<Object_Ref>Pepperoni-lovers-cheezy</Object_Ref>
					<Object_Ref>Supreme-epaisse</Object_Ref>
					<Object_Ref>Supreme-cheezy</Object_Ref>
					<Object_Ref>Montagnarde-epaisse</Object_Ref>
					<Object_Ref>Montagnarde-cheezy</Object_Ref>
					<Object_Ref>Chevre-miel-epaisse</Object_Ref>
					<Object_Ref>Chevre-miel-cheezy</Object_Ref>
					<Object_Ref>Forestiere-epaisse</Object_Ref>
					<Object_Ref>Forestiere-cheezy</Object_Ref>
					<Object_Ref>Samourai-epaisse</Object_Ref>
					<Object_Ref>Samourai-cheezy</Object_Ref>
					<Object_Ref>Western-classic-epaisse</Object_Ref>
					<Object_Ref>Western-classic-cheezy</Object_Ref>
					<Object_Ref>Campagnarde-epaisse</Object_Ref>
					<Object_Ref>Campagnarde-cheezy</Object_Ref>
					<Object_Ref>BPM-epaisse</Object_Ref>
					<Object_Ref>BPM-cheezy</Object_Ref>
				</Extent>
				<Intent>
					<Attribute_Ref>inf22</Attribute_Ref>
					<Attribute_Ref>epaisse</Attribute_Ref>
				</Intent>
				<UpperCovers>
					<Concept_Ref>Concept_Prix-Pate_22</Concept_Ref>
				</UpperCovers>
			</Concept>
			<Concept>
				<ID>Concept_Prix-Pate_21</ID>
				<Extent>
					<Object_Ref>Marherita_Fine</Object_Ref>
					<Object_Ref>Margherita-epaisse</Object_Ref>
					<Object_Ref>Margherita-cheezy</Object_Ref>
					<Object_Ref>Margherita-cheezy-fun</Object_Ref>
					<Object_Ref>Queen-fine</Object_Ref>
					<Object_Ref>Queen-epaisse</Object_Ref>
					<Object_Ref>Spicy-hot-one-fine</Object_Ref>
					<Object_Ref>Spicy-hot-one-epaisse</Object_Ref>
					<Object_Ref>4fromages-fine</Object_Ref>
					<Object_Ref>4fromages-epaisse</Object_Ref>
					<Object_Ref>Kasbah-fine</Object_Ref>
					<Object_Ref>Kasbah-epaisse</Object_Ref>
					<Object_Ref>Nordique-fine</Object_Ref>
					<Object_Ref>Nordique-epaisse</Object_Ref>
					<Object_Ref>Mafia-blues-fine</Object_Ref>
					<Object_Ref>Mafia-blues-epaisse</Object_Ref>
					<Object_Ref>Roamaine-fine</Object_Ref>
					<Object_Ref>Romaine-epaisse</Object_Ref>
					<Object_Ref>Hawaienne-fine</Object_Ref>
					<Object_Ref>Hawaienne-epaisse</Object_Ref>
					<Object_Ref>Vegetarienne-fine</Object_Ref>
					<Object_Ref>Vegetarienne-epaisse</Object_Ref>
					<Object_Ref>Provencale-fine</Object_Ref>
					<Object_Ref>Provencale-epaisse</Object_Ref>
					<Object_Ref>Louisiane-fine</Object_Ref>
					<Object_Ref>Louisiane-epaisse</Object_Ref>
					<Object_Ref>Raclette-fine</Object_Ref>
					<Object_Ref>Raclette-epaisse</Object_Ref>
					<Object_Ref>TexaneBBQ-fine</Object_Ref>
					<Object_Ref>TexaneBBQ-epaisse</Object_Ref>
					<Object_Ref>Cabri-fine</Object_Ref>
					<Object_Ref>Cabri-epaisse</Object_Ref>
					<Object_Ref>Orientale-fine</Object_Ref>
					<Object_Ref>Orientale-epaisse</Object_Ref>
					<Object_Ref>Pepperoni-lovers-fine</Object_Ref>
					<Object_Ref>Pepperoni-lovers-epaisse</Object_Ref>
					<Object_Ref>Supreme-fine</Object_Ref>
					<Object_Ref>Supreme-epaisse</Object_Ref>
					<Object_Ref>Montagnarde-fine</Object_Ref>
					<Object_Ref>Montagnarde-epaisse</Object_Ref>
					<Object_Ref>Chevre-miel-fine</Object_Ref>
					<Object_Ref>Chevre-miel-epaisse</Object_Ref>
					<Object_Ref>Forestiere-fine</Object_Ref>
					<Object_Ref>Forestiere-epaisse</Object_Ref>
					<Object_Ref>Samourai-fine</Object_Ref>
					<Object_Ref>Samourai-epaisse</Object_Ref>
					<Object_Ref>Western-classic-fine</Object_Ref>
					<Object_Ref>Western-classic-epaisse</Object_Ref>
					<Object_Ref>Campagnarde-fine</Object_Ref>
					<Object_Ref>Campagnarde-epaisse</Object_Ref>
					<Object_Ref>BPM-fine</Object_Ref>
					<Object_Ref>BPM-epaisse</Object_Ref>
				</Extent>
				<Intent>
					<Attribute_Ref>inf20</Attribute_Ref>
					<Attribute_Ref>inf22</Attribute_Ref>
				</Intent>
				<UpperCovers>
					<Concept_Ref>Concept_Prix-Pate_22</Concept_Ref>
				</UpperCovers>
			</Concept>
			<Concept>
				<ID>Concept_Prix-Pate_22</ID>
				<Extent>
					<Object_Ref>Marherita_Fine</Object_Ref>
					<Object_Ref>Margherita-epaisse</Object_Ref>
					<Object_Ref>Margherita-cheezy</Object_Ref>
					<Object_Ref>Margherita-cheezy-fun</Object_Ref>
					<Object_Ref>Queen-fine</Object_Ref>
					<Object_Ref>Queen-epaisse</Object_Ref>
					<Object_Ref>Queen-cheezy</Object_Ref>
					<Object_Ref>Queen-cheezy-fun</Object_Ref>
					<Object_Ref>Spicy-hot-one-fine</Object_Ref>
					<Object_Ref>Spicy-hot-one-epaisse</Object_Ref>
					<Object_Ref>Spicy-hot-one-cheezy</Object_Ref>
					<Object_Ref>4fromages-fine</Object_Ref>
					<Object_Ref>4fromages-epaisse</Object_Ref>
					<Object_Ref>4fromage-cheezy</Object_Ref>
					<Object_Ref>4fromage-cheezy-fun</Object_Ref>
					<Object_Ref>Kasbah-fine</Object_Ref>
					<Object_Ref>Kasbah-epaisse</Object_Ref>
					<Object_Ref>Kasbah-cheezy</Object_Ref>
					<Object_Ref>Kasbah-cheezy-fun</Object_Ref>
					<Object_Ref>Nordique-fine</Object_Ref>
					<Object_Ref>Nordique-epaisse</Object_Ref>
					<Object_Ref>Nordique-cheezy</Object_Ref>
					<Object_Ref>Nordique-cheezy-fun</Object_Ref>
					<Object_Ref>Mafia-blues-fine</Object_Ref>
					<Object_Ref>Mafia-blues-epaisse</Object_Ref>
					<Object_Ref>Mafia-blues-cheezy</Object_Ref>
					<Object_Ref>Mafia-blues-cheezy-fun</Object_Ref>
					<Object_Ref>Roamaine-fine</Object_Ref>
					<Object_Ref>Romaine-epaisse</Object_Ref>
					<Object_Ref>Romaine-cheezy</Object_Ref>
					<Object_Ref>Romaine-cheezy-fun</Object_Ref>
					<Object_Ref>Hawaienne-fine</Object_Ref>
					<Object_Ref>Hawaienne-epaisse</Object_Ref>
					<Object_Ref>Hawaienne-cheezy</Object_Ref>
					<Object_Ref>Hawaienne-cheezy-fun</Object_Ref>
					<Object_Ref>Vegetarienne-fine</Object_Ref>
					<Object_Ref>Vegetarienne-epaisse</Object_Ref>
					<Object_Ref>Vegetarienne-cheezy</Object_Ref>
					<Object_Ref>Vegetarienne-cheezy-fun</Object_Ref>
					<Object_Ref>Provencale-fine</Object_Ref>
					<Object_Ref>Provencale-epaisse</Object_Ref>
					<Object_Ref>Provencale-cheezy</Object_Ref>
					<Object_Ref>Provencale-cheezy-fun</Object_Ref>
					<Object_Ref>Louisiane-fine</Object_Ref>
					<Object_Ref>Louisiane-epaisse</Object_Ref>
					<Object_Ref>Louisiane-cheezy</Object_Ref>
					<Object_Ref>Louisiane-cheezy-fun</Object_Ref>
					<Object_Ref>Raclette-fine</Object_Ref>
					<Object_Ref>Raclette-epaisse</Object_Ref>
					<Object_Ref>Raclette-cheezy</Object_Ref>
					<Object_Ref>Raclette-cheezy-fun</Object_Ref>
					<Object_Ref>TexaneBBQ-fine</Object_Ref>
					<Object_Ref>TexaneBBQ-epaisse</Object_Ref>
					<Object_Ref>TexaneBBQ-cheezy</Object_Ref>
					<Object_Ref>TexaneBBQ-cheezy-fun</Object_Ref>
					<Object_Ref>Cabri-fine</Object_Ref>
					<Object_Ref>Cabri-epaisse</Object_Ref>
					<Object_Ref>Cabri-cheezy</Object_Ref>
					<Object_Ref>Cabri-cheezy-fun</Object_Ref>
					<Object_Ref>Orientale-fine</Object_Ref>
					<Object_Ref>Orientale-epaisse</Object_Ref>
					<Object_Ref>Orientale-cheezy</Object_Ref>
					<Object_Ref>Orientale-cheezy-fun</Object_Ref>
					<Object_Ref>Pepperoni-lovers-fine</Object_Ref>
					<Object_Ref>Pepperoni-lovers-epaisse</Object_Ref>
					<Object_Ref>Pepperoni-lovers-cheezy</Object_Ref>
					<Object_Ref>Pepperoni-lovers-cheezy-fun</Object_Ref>
					<Object_Ref>Supreme-fine</Object_Ref>
					<Object_Ref>Supreme-epaisse</Object_Ref>
					<Object_Ref>Supreme-cheezy</Object_Ref>
					<Object_Ref>Supreme-cheezy-fun</Object_Ref>
					<Object_Ref>Montagnarde-fine</Object_Ref>
					<Object_Ref>Montagnarde-epaisse</Object_Ref>
					<Object_Ref>Montagnarde-cheezy</Object_Ref>
					<Object_Ref>Montagnarde-cheezy-fun</Object_Ref>
					<Object_Ref>Chevre-miel-fine</Object_Ref>
					<Object_Ref>Chevre-miel-epaisse</Object_Ref>
					<Object_Ref>Chevre-miel-cheezy</Object_Ref>
					<Object_Ref>Chevre-miel-cheezy-fun</Object_Ref>
					<Object_Ref>Forestiere-fine</Object_Ref>
					<Object_Ref>Forestiere-epaisse</Object_Ref>
					<Object_Ref>Forestiere-cheezy</Object_Ref>
					<Object_Ref>Forestiere-cheezy-fun</Object_Ref>
					<Object_Ref>Samourai-fine</Object_Ref>
					<Object_Ref>Samourai-epaisse</Object_Ref>
					<Object_Ref>Samourai-cheezy</Object_Ref>
					<Object_Ref>Samourai-cheezy-fun</Object_Ref>
					<Object_Ref>Western-classic-fine</Object_Ref>
					<Object_Ref>Western-classic-epaisse</Object_Ref>
					<Object_Ref>Western-classic-cheezy</Object_Ref>
					<Object_Ref>Western-classic-cheezy-fun</Object_Ref>
					<Object_Ref>Campagnarde-fine</Object_Ref>
					<Object_Ref>Campagnarde-epaisse</Object_Ref>
					<Object_Ref>Campagnarde-cheezy</Object_Ref>
					<Object_Ref>Campagnarde-cheezy-fun</Object_Ref>
					<Object_Ref>BPM-fine</Object_Ref>
					<Object_Ref>BPM-epaisse</Object_Ref>
					<Object_Ref>BPM-cheezy</Object_Ref>
					<Object_Ref>BPM-cheezy-fun</Object_Ref>
				</Extent>
				<Intent>
					<Attribute_Ref>inf22</Attribute_Ref>
				</Intent>
				<UpperCovers>
				</UpperCovers>
			</Concept>
		</Lattice>
	</Step >
</RCAExplore_Document>
